<annotation>
    <folder></folder>
    <filename>000000001090.jpg</filename>
    <path>C:\Users\deoli\Desktop\COCO_export\data\000000001090.jpg</path>
    <source>
        <database></database>
    </source>
    <size>
        <width>443</width>
        <height>640</height>
        <depth></depth>
    </size>
    <segmented></segmented>
    <object>
        <name>train</name>
        <supercategory>vehicle</supercategory>
        <iscrowd>0</iscrowd>
        <bndbox>
            <xmin>10</xmin>
            <ymin>384</ymin>
            <xmax>387</xmax>
            <ymax>550</ymax>
        </bndbox>
    </object>
</annotation>