<annotation>
    <folder></folder>
    <filename>000000039472.jpg</filename>
    <path>C:\Users\deoli\Desktop\COCO_export\data\000000039472.jpg</path>
    <source>
        <database></database>
    </source>
    <size>
        <width>640</width>
        <height>512</height>
        <depth></depth>
    </size>
    <segmented></segmented>
    <object>
        <name>boat</name>
        <supercategory>vehicle</supercategory>
        <iscrowd>0</iscrowd>
        <bndbox>
            <xmin>3</xmin>
            <ymin>73</ymin>
            <xmax>551</xmax>
            <ymax>486</ymax>
        </bndbox>
    </object>
</annotation>