<annotation>
    <folder></folder>
    <filename>000000022274.jpg</filename>
    <path>C:\Users\deoli\Desktop\COCO_export\data\000000022274.jpg</path>
    <source>
        <database></database>
    </source>
    <size>
        <width>640</width>
        <height>427</height>
        <depth></depth>
    </size>
    <segmented></segmented>
    <object>
        <name>bus</name>
        <supercategory>vehicle</supercategory>
        <iscrowd>0</iscrowd>
        <bndbox>
            <xmin>58</xmin>
            <ymin>142</ymin>
            <xmax>579</xmax>
            <ymax>391</ymax>
        </bndbox>
    </object>
</annotation>