<annotation>
    <folder></folder>
    <filename>000000015876.jpg</filename>
    <path>C:\Users\deoli\Desktop\COCO_export\data\000000015876.jpg</path>
    <source>
        <database></database>
    </source>
    <size>
        <width>640</width>
        <height>410</height>
        <depth></depth>
    </size>
    <segmented></segmented>
    <object>
        <name>train</name>
        <supercategory>vehicle</supercategory>
        <iscrowd>0</iscrowd>
        <bndbox>
            <xmin>75</xmin>
            <ymin>242</ymin>
            <xmax>406</xmax>
            <ymax>356</ymax>
        </bndbox>
    </object>
</annotation>