<annotation>
    <folder></folder>
    <filename>000000016499.jpg</filename>
    <path>C:\Users\deoli\Desktop\COCO_export\data\000000016499.jpg</path>
    <source>
        <database></database>
    </source>
    <size>
        <width>640</width>
        <height>429</height>
        <depth></depth>
    </size>
    <segmented></segmented>
    <object>
        <name>train</name>
        <supercategory>vehicle</supercategory>
        <iscrowd>0</iscrowd>
        <bndbox>
            <xmin>317</xmin>
            <ymin>194</ymin>
            <xmax>565</xmax>
            <ymax>295</ymax>
        </bndbox>
    </object>
</annotation>