<annotation>
    <folder></folder>
    <filename>000000056857.jpg</filename>
    <path>C:\Users\deoli\Desktop\COCO_export\data\000000056857.jpg</path>
    <source>
        <database></database>
    </source>
    <size>
        <width>480</width>
        <height>640</height>
        <depth></depth>
    </size>
    <segmented></segmented>
    <object>
        <name>cat</name>
        <supercategory>animal</supercategory>
        <iscrowd>0</iscrowd>
        <bndbox>
            <xmin>200</xmin>
            <ymin>273</ymin>
            <xmax>408</xmax>
            <ymax>506</ymax>
        </bndbox>
    </object>
</annotation>