<annotation>
    <folder></folder>
    <filename>000000024480.jpg</filename>
    <path>C:\Users\deoli\Desktop\COCO_export\data\000000024480.jpg</path>
    <source>
        <database></database>
    </source>
    <size>
        <width>640</width>
        <height>496</height>
        <depth></depth>
    </size>
    <segmented></segmented>
    <object>
        <name>cow</name>
        <supercategory>animal</supercategory>
        <iscrowd>0</iscrowd>
        <bndbox>
            <xmin>78</xmin>
            <ymin>85</ymin>
            <xmax>531</xmax>
            <ymax>455</ymax>
        </bndbox>
    </object>
</annotation>