<annotation>
    <folder></folder>
    <filename>000000017760.jpg</filename>
    <path>C:\Users\deoli\Desktop\COCO_export\data\000000017760.jpg</path>
    <source>
        <database></database>
    </source>
    <size>
        <width>500</width>
        <height>397</height>
        <depth></depth>
    </size>
    <segmented></segmented>
    <object>
        <name>motorcycle</name>
        <supercategory>vehicle</supercategory>
        <iscrowd>0</iscrowd>
        <bndbox>
            <xmin>15</xmin>
            <ymin>142</ymin>
            <xmax>351</xmax>
            <ymax>386</ymax>
        </bndbox>
    </object>
</annotation>