<annotation>
    <folder></folder>
    <filename>000000053454.jpg</filename>
    <path>C:\Users\deoli\Desktop\COCO_export\data\000000053454.jpg</path>
    <source>
        <database></database>
    </source>
    <size>
        <width>640</width>
        <height>423</height>
        <depth></depth>
    </size>
    <segmented></segmented>
    <object>
        <name>airplane</name>
        <supercategory>vehicle</supercategory>
        <iscrowd>0</iscrowd>
        <bndbox>
            <xmin>115</xmin>
            <ymin>149</ymin>
            <xmax>288</xmax>
            <ymax>271</ymax>
        </bndbox>
    </object>
</annotation>