<annotation>
    <folder></folder>
    <filename>000000002178.jpg</filename>
    <path>C:\Users\deoli\Desktop\COCO_export\data\000000002178.jpg</path>
    <source>
        <database></database>
    </source>
    <size>
        <width>482</width>
        <height>640</height>
        <depth></depth>
    </size>
    <segmented></segmented>
    <object>
        <name>sheep</name>
        <supercategory>animal</supercategory>
        <iscrowd>0</iscrowd>
        <bndbox>
            <xmin>27</xmin>
            <ymin>49</ymin>
            <xmax>482</xmax>
            <ymax>633</ymax>
        </bndbox>
    </object>
</annotation>