<annotation>
    <folder></folder>
    <filename>000000027388.jpg</filename>
    <path>C:\Users\deoli\Desktop\COCO_export\data\000000027388.jpg</path>
    <source>
        <database></database>
    </source>
    <size>
        <width>640</width>
        <height>427</height>
        <depth></depth>
    </size>
    <segmented></segmented>
    <object>
        <name>train</name>
        <supercategory>vehicle</supercategory>
        <iscrowd>0</iscrowd>
        <bndbox>
            <xmin>0</xmin>
            <ymin>2</ymin>
            <xmax>638</xmax>
            <ymax>336</ymax>
        </bndbox>
    </object>
</annotation>