<annotation>
    <folder></folder>
    <filename>000000039276.jpg</filename>
    <path>C:\Users\deoli\Desktop\COCO_export\data\000000039276.jpg</path>
    <source>
        <database></database>
    </source>
    <size>
        <width>428</width>
        <height>640</height>
        <depth></depth>
    </size>
    <segmented></segmented>
    <object>
        <name>train</name>
        <supercategory>vehicle</supercategory>
        <iscrowd>0</iscrowd>
        <bndbox>
            <xmin>5</xmin>
            <ymin>0</ymin>
            <xmax>412</xmax>
            <ymax>634</ymax>
        </bndbox>
    </object>
</annotation>