<annotation>
    <folder></folder>
    <filename>000000011474.jpg</filename>
    <path>C:\Users\deoli\Desktop\COCO_export\data\000000011474.jpg</path>
    <source>
        <database></database>
    </source>
    <size>
        <width>640</width>
        <height>367</height>
        <depth></depth>
    </size>
    <segmented></segmented>
    <object>
        <name>airplane</name>
        <supercategory>vehicle</supercategory>
        <iscrowd>0</iscrowd>
        <bndbox>
            <xmin>146</xmin>
            <ymin>100</ymin>
            <xmax>571</xmax>
            <ymax>276</ymax>
        </bndbox>
    </object>
</annotation>