<annotation>
    <folder></folder>
    <filename>000000018737.jpg</filename>
    <path>C:\Users\deoli\Desktop\COCO_export\data\000000018737.jpg</path>
    <source>
        <database></database>
    </source>
    <size>
        <width>640</width>
        <height>427</height>
        <depth></depth>
    </size>
    <segmented></segmented>
    <object>
        <name>motorcycle</name>
        <supercategory>vehicle</supercategory>
        <iscrowd>0</iscrowd>
        <bndbox>
            <xmin>254</xmin>
            <ymin>159</ymin>
            <xmax>592</xmax>
            <ymax>407</ymax>
        </bndbox>
    </object>
</annotation>