<annotation>
    <folder></folder>
    <filename>000000020371.jpg</filename>
    <path>C:\Users\deoli\Desktop\COCO_export\data\000000020371.jpg</path>
    <source>
        <database></database>
    </source>
    <size>
        <width>501</width>
        <height>640</height>
        <depth></depth>
    </size>
    <segmented></segmented>
    <object>
        <name>bird</name>
        <supercategory>animal</supercategory>
        <iscrowd>0</iscrowd>
        <bndbox>
            <xmin>120</xmin>
            <ymin>156</ymin>
            <xmax>390</xmax>
            <ymax>532</ymax>
        </bndbox>
    </object>
</annotation>