<annotation>
    <folder></folder>
    <filename>000000018394.jpg</filename>
    <path>C:\Users\deoli\Desktop\COCO_export\data\000000018394.jpg</path>
    <source>
        <database></database>
    </source>
    <size>
        <width>640</width>
        <height>480</height>
        <depth></depth>
    </size>
    <segmented></segmented>
    <object>
        <name>cat</name>
        <supercategory>animal</supercategory>
        <iscrowd>0</iscrowd>
        <bndbox>
            <xmin>3</xmin>
            <ymin>34</ymin>
            <xmax>553</xmax>
            <ymax>475</ymax>
        </bndbox>
    </object>
</annotation>