<annotation>
    <folder></folder>
    <filename>000000026643.jpg</filename>
    <path>C:\Users\deoli\Desktop\COCO_export\data\000000026643.jpg</path>
    <source>
        <database></database>
    </source>
    <size>
        <width>640</width>
        <height>426</height>
        <depth></depth>
    </size>
    <segmented></segmented>
    <object>
        <name>person</name>
        <supercategory>person</supercategory>
        <iscrowd>0</iscrowd>
        <bndbox>
            <xmin>480</xmin>
            <ymin>33</ymin>
            <xmax>639</xmax>
            <ymax>426</ymax>
        </bndbox>
    </object>
</annotation>