<annotation>
    <folder></folder>
    <filename>000000017100.jpg</filename>
    <path>C:\Users\deoli\Desktop\COCO_export\data\000000017100.jpg</path>
    <source>
        <database></database>
    </source>
    <size>
        <width>640</width>
        <height>424</height>
        <depth></depth>
    </size>
    <segmented></segmented>
    <object>
        <name>train</name>
        <supercategory>vehicle</supercategory>
        <iscrowd>0</iscrowd>
        <bndbox>
            <xmin>202</xmin>
            <ymin>207</ymin>
            <xmax>455</xmax>
            <ymax>347</ymax>
        </bndbox>
    </object>
</annotation>