<annotation>
    <folder></folder>
    <filename>000000003305.jpg</filename>
    <path>C:\Users\deoli\Desktop\COCO_export\data\000000003305.jpg</path>
    <source>
        <database></database>
    </source>
    <size>
        <width>640</width>
        <height>448</height>
        <depth></depth>
    </size>
    <segmented></segmented>
    <object>
        <name>bird</name>
        <supercategory>animal</supercategory>
        <iscrowd>0</iscrowd>
        <bndbox>
            <xmin>127</xmin>
            <ymin>84</ymin>
            <xmax>372</xmax>
            <ymax>352</ymax>
        </bndbox>
    </object>
</annotation>