<annotation>
    <folder></folder>
    <filename>000000031747.jpg</filename>
    <path>C:\Users\deoli\Desktop\COCO_export\data\000000031747.jpg</path>
    <source>
        <database></database>
    </source>
    <size>
        <width>480</width>
        <height>640</height>
        <depth></depth>
    </size>
    <segmented></segmented>
    <object>
        <name>boat</name>
        <supercategory>vehicle</supercategory>
        <iscrowd>0</iscrowd>
        <bndbox>
            <xmin>0</xmin>
            <ymin>342</ymin>
            <xmax>359</xmax>
            <ymax>632</ymax>
        </bndbox>
    </object>
</annotation>