<annotation>
    <folder></folder>
    <filename>000000045677.jpg</filename>
    <path>C:\Users\deoli\Desktop\COCO_export\data\000000045677.jpg</path>
    <source>
        <database></database>
    </source>
    <size>
        <width>500</width>
        <height>329</height>
        <depth></depth>
    </size>
    <segmented></segmented>
    <object>
        <name>cow</name>
        <supercategory>animal</supercategory>
        <iscrowd>0</iscrowd>
        <bndbox>
            <xmin>172</xmin>
            <ymin>16</ymin>
            <xmax>379</xmax>
            <ymax>325</ymax>
        </bndbox>
    </object>
</annotation>