<annotation>
    <folder></folder>
    <filename>000000030484.jpg</filename>
    <path>C:\Users\deoli\Desktop\COCO_export\data\000000030484.jpg</path>
    <source>
        <database></database>
    </source>
    <size>
        <width>640</width>
        <height>480</height>
        <depth></depth>
    </size>
    <segmented></segmented>
    <object>
        <name>bus</name>
        <supercategory>vehicle</supercategory>
        <iscrowd>0</iscrowd>
        <bndbox>
            <xmin>34</xmin>
            <ymin>155</ymin>
            <xmax>606</xmax>
            <ymax>300</ymax>
        </bndbox>
    </object>
</annotation>