<annotation>
    <folder></folder>
    <filename>000000015267.jpg</filename>
    <path>C:\Users\deoli\Desktop\COCO_export\data\000000015267.jpg</path>
    <source>
        <database></database>
    </source>
    <size>
        <width>640</width>
        <height>593</height>
        <depth></depth>
    </size>
    <segmented></segmented>
    <object>
        <name>cat</name>
        <supercategory>animal</supercategory>
        <iscrowd>0</iscrowd>
        <bndbox>
            <xmin>84</xmin>
            <ymin>256</ymin>
            <xmax>624</xmax>
            <ymax>586</ymax>
        </bndbox>
    </object>
</annotation>