<annotation>
    <folder></folder>
    <filename>000000055534.jpg</filename>
    <path>C:\Users\deoli\Desktop\COCO_export\data\000000055534.jpg</path>
    <source>
        <database></database>
    </source>
    <size>
        <width>500</width>
        <height>392</height>
        <depth></depth>
    </size>
    <segmented></segmented>
    <object>
        <name>bird</name>
        <supercategory>animal</supercategory>
        <iscrowd>0</iscrowd>
        <bndbox>
            <xmin>215</xmin>
            <ymin>129</ymin>
            <xmax>306</xmax>
            <ymax>314</ymax>
        </bndbox>
    </object>
</annotation>