<annotation>
    <folder></folder>
    <filename>000000028167.jpg</filename>
    <path>C:\Users\deoli\Desktop\COCO_export\data\000000028167.jpg</path>
    <source>
        <database></database>
    </source>
    <size>
        <width>640</width>
        <height>425</height>
        <depth></depth>
    </size>
    <segmented></segmented>
    <object>
        <name>bird</name>
        <supercategory>animal</supercategory>
        <iscrowd>0</iscrowd>
        <bndbox>
            <xmin>294</xmin>
            <ymin>197</ymin>
            <xmax>332</xmax>
            <ymax>229</ymax>
        </bndbox>
    </object>
</annotation>