<annotation>
    <folder></folder>
    <filename>000000031176.jpg</filename>
    <path>C:\Users\deoli\Desktop\COCO_export\data\000000031176.jpg</path>
    <source>
        <database></database>
    </source>
    <size>
        <width>640</width>
        <height>390</height>
        <depth></depth>
    </size>
    <segmented></segmented>
    <object>
        <name>cat</name>
        <supercategory>animal</supercategory>
        <iscrowd>0</iscrowd>
        <bndbox>
            <xmin>329</xmin>
            <ymin>181</ymin>
            <xmax>458</xmax>
            <ymax>351</ymax>
        </bndbox>
    </object>
</annotation>