<annotation>
    <folder></folder>
    <filename>000000007665.jpg</filename>
    <path>C:\Users\deoli\Desktop\COCO_export\data\000000007665.jpg</path>
    <source>
        <database></database>
    </source>
    <size>
        <width>480</width>
        <height>640</height>
        <depth></depth>
    </size>
    <segmented></segmented>
    <object>
        <name>cat</name>
        <supercategory>animal</supercategory>
        <iscrowd>0</iscrowd>
        <bndbox>
            <xmin>38</xmin>
            <ymin>49</ymin>
            <xmax>452</xmax>
            <ymax>633</ymax>
        </bndbox>
    </object>
</annotation>