<annotation>
    <folder></folder>
    <filename>000000022396.jpg</filename>
    <path>C:\Users\deoli\Desktop\COCO_export\data\000000022396.jpg</path>
    <source>
        <database></database>
    </source>
    <size>
        <width>640</width>
        <height>495</height>
        <depth></depth>
    </size>
    <segmented></segmented>
    <object>
        <name>airplane</name>
        <supercategory>vehicle</supercategory>
        <iscrowd>0</iscrowd>
        <bndbox>
            <xmin>326</xmin>
            <ymin>46</ymin>
            <xmax>603</xmax>
            <ymax>159</ymax>
        </bndbox>
    </object>
</annotation>