<annotation>
    <folder></folder>
    <filename>000000010691.jpg</filename>
    <path>C:\Users\deoli\Desktop\COCO_export\data\000000010691.jpg</path>
    <source>
        <database></database>
    </source>
    <size>
        <width>640</width>
        <height>470</height>
        <depth></depth>
    </size>
    <segmented></segmented>
    <object>
        <name>horse</name>
        <supercategory>animal</supercategory>
        <iscrowd>0</iscrowd>
        <bndbox>
            <xmin>2</xmin>
            <ymin>87</ymin>
            <xmax>530</xmax>
            <ymax>466</ymax>
        </bndbox>
    </object>
</annotation>