<annotation>
    <folder></folder>
    <filename>000000036823.jpg</filename>
    <path>C:\Users\deoli\Desktop\COCO_export\data\000000036823.jpg</path>
    <source>
        <database></database>
    </source>
    <size>
        <width>640</width>
        <height>612</height>
        <depth></depth>
    </size>
    <segmented></segmented>
    <object>
        <name>bird</name>
        <supercategory>animal</supercategory>
        <iscrowd>0</iscrowd>
        <bndbox>
            <xmin>187</xmin>
            <ymin>149</ymin>
            <xmax>404</xmax>
            <ymax>491</ymax>
        </bndbox>
    </object>
</annotation>