<annotation>
    <folder></folder>
    <filename>000000021919.jpg</filename>
    <path>C:\Users\deoli\Desktop\COCO_export\data\000000021919.jpg</path>
    <source>
        <database></database>
    </source>
    <size>
        <width>429</width>
        <height>640</height>
        <depth></depth>
    </size>
    <segmented></segmented>
    <object>
        <name>person</name>
        <supercategory>person</supercategory>
        <iscrowd>0</iscrowd>
        <bndbox>
            <xmin>107</xmin>
            <ymin>243</ymin>
            <xmax>303</xmax>
            <ymax>586</ymax>
        </bndbox>
    </object>
</annotation>