<annotation>
    <folder></folder>
    <filename>000000044309.jpg</filename>
    <path>C:\Users\deoli\Desktop\COCO_export\data\000000044309.jpg</path>
    <source>
        <database></database>
    </source>
    <size>
        <width>640</width>
        <height>480</height>
        <depth></depth>
    </size>
    <segmented></segmented>
    <object>
        <name>boat</name>
        <supercategory>vehicle</supercategory>
        <iscrowd>0</iscrowd>
        <bndbox>
            <xmin>250</xmin>
            <ymin>328</ymin>
            <xmax>579</xmax>
            <ymax>446</ymax>
        </bndbox>
    </object>
</annotation>