<annotation>
    <folder></folder>
    <filename>000000018601.jpg</filename>
    <path>C:\Users\deoli\Desktop\COCO_export\data\000000018601.jpg</path>
    <source>
        <database></database>
    </source>
    <size>
        <width>500</width>
        <height>332</height>
        <depth></depth>
    </size>
    <segmented></segmented>
    <object>
        <name>airplane</name>
        <supercategory>vehicle</supercategory>
        <iscrowd>0</iscrowd>
        <bndbox>
            <xmin>2</xmin>
            <ymin>0</ymin>
            <xmax>315</xmax>
            <ymax>111</ymax>
        </bndbox>
    </object>
</annotation>