<annotation>
    <folder></folder>
    <filename>000000025404.jpg</filename>
    <path>C:\Users\deoli\Desktop\COCO_export\data\000000025404.jpg</path>
    <source>
        <database></database>
    </source>
    <size>
        <width>640</width>
        <height>440</height>
        <depth></depth>
    </size>
    <segmented></segmented>
    <object>
        <name>airplane</name>
        <supercategory>vehicle</supercategory>
        <iscrowd>0</iscrowd>
        <bndbox>
            <xmin>10</xmin>
            <ymin>148</ymin>
            <xmax>610</xmax>
            <ymax>340</ymax>
        </bndbox>
    </object>
</annotation>