<annotation>
    <folder></folder>
    <filename>000000012178.jpg</filename>
    <path>C:\Users\deoli\Desktop\COCO_export\data\000000012178.jpg</path>
    <source>
        <database></database>
    </source>
    <size>
        <width>640</width>
        <height>428</height>
        <depth></depth>
    </size>
    <segmented></segmented>
    <object>
        <name>airplane</name>
        <supercategory>vehicle</supercategory>
        <iscrowd>0</iscrowd>
        <bndbox>
            <xmin>101</xmin>
            <ymin>160</ymin>
            <xmax>380</xmax>
            <ymax>260</ymax>
        </bndbox>
    </object>
</annotation>