<annotation>
    <folder></folder>
    <filename>000000026007.jpg</filename>
    <path>C:\Users\deoli\Desktop\COCO_export\data\000000026007.jpg</path>
    <source>
        <database></database>
    </source>
    <size>
        <width>640</width>
        <height>427</height>
        <depth></depth>
    </size>
    <segmented></segmented>
    <object>
        <name>train</name>
        <supercategory>vehicle</supercategory>
        <iscrowd>0</iscrowd>
        <bndbox>
            <xmin>87</xmin>
            <ymin>89</ymin>
            <xmax>639</xmax>
            <ymax>362</ymax>
        </bndbox>
    </object>
</annotation>