<annotation>
    <folder></folder>
    <filename>000000000581.jpg</filename>
    <path>C:\Users\deoli\Desktop\COCO_export\data\000000000581.jpg</path>
    <source>
        <database></database>
    </source>
    <size>
        <width>473</width>
        <height>500</height>
        <depth></depth>
    </size>
    <segmented></segmented>
    <object>
        <name>dog</name>
        <supercategory>animal</supercategory>
        <iscrowd>0</iscrowd>
        <bndbox>
            <xmin>104</xmin>
            <ymin>151</ymin>
            <xmax>261</xmax>
            <ymax>410</ymax>
        </bndbox>
    </object>
</annotation>