<annotation>
    <folder></folder>
    <filename>000000051977.jpg</filename>
    <path>C:\Users\deoli\Desktop\COCO_export\data\000000051977.jpg</path>
    <source>
        <database></database>
    </source>
    <size>
        <width>640</width>
        <height>426</height>
        <depth></depth>
    </size>
    <segmented></segmented>
    <object>
        <name>person</name>
        <supercategory>person</supercategory>
        <iscrowd>0</iscrowd>
        <bndbox>
            <xmin>294</xmin>
            <ymin>181</ymin>
            <xmax>362</xmax>
            <ymax>273</ymax>
        </bndbox>
    </object>
</annotation>