<annotation>
    <folder></folder>
    <filename>000000046571.jpg</filename>
    <path>C:\Users\deoli\Desktop\COCO_export\data\000000046571.jpg</path>
    <source>
        <database></database>
    </source>
    <size>
        <width>427</width>
        <height>640</height>
        <depth></depth>
    </size>
    <segmented></segmented>
    <object>
        <name>motorcycle</name>
        <supercategory>vehicle</supercategory>
        <iscrowd>0</iscrowd>
        <bndbox>
            <xmin>15</xmin>
            <ymin>99</ymin>
            <xmax>421</xmax>
            <ymax>612</ymax>
        </bndbox>
    </object>
</annotation>