<annotation>
    <folder></folder>
    <filename>000000029197.jpg</filename>
    <path>C:\Users\deoli\Desktop\COCO_export\data\000000029197.jpg</path>
    <source>
        <database></database>
    </source>
    <size>
        <width>640</width>
        <height>449</height>
        <depth></depth>
    </size>
    <segmented></segmented>
    <object>
        <name>airplane</name>
        <supercategory>vehicle</supercategory>
        <iscrowd>0</iscrowd>
        <bndbox>
            <xmin>353</xmin>
            <ymin>133</ymin>
            <xmax>401</xmax>
            <ymax>195</ymax>
        </bndbox>
    </object>
</annotation>