<annotation>
    <folder></folder>
    <filename>000000024193.jpg</filename>
    <path>C:\Users\deoli\Desktop\COCO_export\data\000000024193.jpg</path>
    <source>
        <database></database>
    </source>
    <size>
        <width>640</width>
        <height>481</height>
        <depth></depth>
    </size>
    <segmented></segmented>
    <object>
        <name>train</name>
        <supercategory>vehicle</supercategory>
        <iscrowd>0</iscrowd>
        <bndbox>
            <xmin>211</xmin>
            <ymin>191</ymin>
            <xmax>405</xmax>
            <ymax>296</ymax>
        </bndbox>
    </object>
</annotation>