<annotation>
    <folder></folder>
    <filename>000000049562.jpg</filename>
    <path>C:\Users\deoli\Desktop\COCO_export\data\000000049562.jpg</path>
    <source>
        <database></database>
    </source>
    <size>
        <width>640</width>
        <height>430</height>
        <depth></depth>
    </size>
    <segmented></segmented>
    <object>
        <name>train</name>
        <supercategory>vehicle</supercategory>
        <iscrowd>0</iscrowd>
        <bndbox>
            <xmin>143</xmin>
            <ymin>191</ymin>
            <xmax>398</xmax>
            <ymax>273</ymax>
        </bndbox>
    </object>
</annotation>