<annotation>
    <folder></folder>
    <filename>000000034169.jpg</filename>
    <path>C:\Users\deoli\Desktop\COCO_export\data\000000034169.jpg</path>
    <source>
        <database></database>
    </source>
    <size>
        <width>640</width>
        <height>480</height>
        <depth></depth>
    </size>
    <segmented></segmented>
    <object>
        <name>train</name>
        <supercategory>vehicle</supercategory>
        <iscrowd>0</iscrowd>
        <bndbox>
            <xmin>61</xmin>
            <ymin>146</ymin>
            <xmax>600</xmax>
            <ymax>403</ymax>
        </bndbox>
    </object>
</annotation>