<annotation>
    <folder></folder>
    <filename>000000032174.jpg</filename>
    <path>C:\Users\deoli\Desktop\COCO_export\data\000000032174.jpg</path>
    <source>
        <database></database>
    </source>
    <size>
        <width>640</width>
        <height>427</height>
        <depth></depth>
    </size>
    <segmented></segmented>
    <object>
        <name>airplane</name>
        <supercategory>vehicle</supercategory>
        <iscrowd>0</iscrowd>
        <bndbox>
            <xmin>258</xmin>
            <ymin>273</ymin>
            <xmax>280</xmax>
            <ymax>292</ymax>
        </bndbox>
    </object>
</annotation>