<annotation>
    <folder></folder>
    <filename>000000038355.jpg</filename>
    <path>C:\Users\deoli\Desktop\COCO_export\data\000000038355.jpg</path>
    <source>
        <database></database>
    </source>
    <size>
        <width>500</width>
        <height>322</height>
        <depth></depth>
    </size>
    <segmented></segmented>
    <object>
        <name>bird</name>
        <supercategory>animal</supercategory>
        <iscrowd>0</iscrowd>
        <bndbox>
            <xmin>147</xmin>
            <ymin>71</ymin>
            <xmax>302</xmax>
            <ymax>277</ymax>
        </bndbox>
    </object>
</annotation>