<annotation>
    <folder></folder>
    <filename>000000046212.jpg</filename>
    <path>C:\Users\deoli\Desktop\COCO_export\data\000000046212.jpg</path>
    <source>
        <database></database>
    </source>
    <size>
        <width>640</width>
        <height>420</height>
        <depth></depth>
    </size>
    <segmented></segmented>
    <object>
        <name>train</name>
        <supercategory>vehicle</supercategory>
        <iscrowd>0</iscrowd>
        <bndbox>
            <xmin>0</xmin>
            <ymin>133</ymin>
            <xmax>449</xmax>
            <ymax>283</ymax>
        </bndbox>
    </object>
</annotation>