<annotation>
    <folder></folder>
    <filename>000000009142.jpg</filename>
    <path>C:\Users\deoli\Desktop\COCO_export\data\000000009142.jpg</path>
    <source>
        <database></database>
    </source>
    <size>
        <width>640</width>
        <height>480</height>
        <depth></depth>
    </size>
    <segmented></segmented>
    <object>
        <name>bird</name>
        <supercategory>animal</supercategory>
        <iscrowd>0</iscrowd>
        <bndbox>
            <xmin>193</xmin>
            <ymin>201</ymin>
            <xmax>339</xmax>
            <ymax>350</ymax>
        </bndbox>
    </object>
</annotation>