<annotation>
    <folder></folder>
    <filename>000000050706.jpg</filename>
    <path>C:\Users\deoli\Desktop\COCO_export\data\000000050706.jpg</path>
    <source>
        <database></database>
    </source>
    <size>
        <width>640</width>
        <height>480</height>
        <depth></depth>
    </size>
    <segmented></segmented>
    <object>
        <name>person</name>
        <supercategory>person</supercategory>
        <iscrowd>0</iscrowd>
        <bndbox>
            <xmin>281</xmin>
            <ymin>360</ymin>
            <xmax>381</xmax>
            <ymax>474</ymax>
        </bndbox>
    </object>
</annotation>