<annotation>
    <folder></folder>
    <filename>000000041808.jpg</filename>
    <path>C:\Users\deoli\Desktop\COCO_export\data\000000041808.jpg</path>
    <source>
        <database></database>
    </source>
    <size>
        <width>640</width>
        <height>428</height>
        <depth></depth>
    </size>
    <segmented></segmented>
    <object>
        <name>airplane</name>
        <supercategory>vehicle</supercategory>
        <iscrowd>0</iscrowd>
        <bndbox>
            <xmin>105</xmin>
            <ymin>154</ymin>
            <xmax>589</xmax>
            <ymax>281</ymax>
        </bndbox>
    </object>
</annotation>