<annotation>
    <folder></folder>
    <filename>000000019351.jpg</filename>
    <path>C:\Users\deoli\Desktop\COCO_export\data\000000019351.jpg</path>
    <source>
        <database></database>
    </source>
    <size>
        <width>480</width>
        <height>640</height>
        <depth></depth>
    </size>
    <segmented></segmented>
    <object>
        <name>train</name>
        <supercategory>vehicle</supercategory>
        <iscrowd>0</iscrowd>
        <bndbox>
            <xmin>169</xmin>
            <ymin>218</ymin>
            <xmax>354</xmax>
            <ymax>314</ymax>
        </bndbox>
    </object>
</annotation>