<annotation>
    <folder></folder>
    <filename>000000014872.jpg</filename>
    <path>C:\Users\deoli\Desktop\COCO_export\data\000000014872.jpg</path>
    <source>
        <database></database>
    </source>
    <size>
        <width>640</width>
        <height>360</height>
        <depth></depth>
    </size>
    <segmented></segmented>
    <object>
        <name>train</name>
        <supercategory>vehicle</supercategory>
        <iscrowd>0</iscrowd>
        <bndbox>
            <xmin>21</xmin>
            <ymin>159</ymin>
            <xmax>607</xmax>
            <ymax>278</ymax>
        </bndbox>
    </object>
</annotation>