<annotation>
    <folder></folder>
    <filename>000000016314.jpg</filename>
    <path>C:\Users\deoli\Desktop\COCO_export\data\000000016314.jpg</path>
    <source>
        <database></database>
    </source>
    <size>
        <width>640</width>
        <height>431</height>
        <depth></depth>
    </size>
    <segmented></segmented>
    <object>
        <name>person</name>
        <supercategory>person</supercategory>
        <iscrowd>0</iscrowd>
        <bndbox>
            <xmin>163</xmin>
            <ymin>33</ymin>
            <xmax>335</xmax>
            <ymax>426</ymax>
        </bndbox>
    </object>
</annotation>