<annotation>
    <folder></folder>
    <filename>000000001025.jpg</filename>
    <path>C:\Users\deoli\Desktop\COCO_export\data\000000001025.jpg</path>
    <source>
        <database></database>
    </source>
    <size>
        <width>640</width>
        <height>427</height>
        <depth></depth>
    </size>
    <segmented></segmented>
    <object>
        <name>dog</name>
        <supercategory>animal</supercategory>
        <iscrowd>0</iscrowd>
        <bndbox>
            <xmin>320</xmin>
            <ymin>177</ymin>
            <xmax>384</xmax>
            <ymax>315</ymax>
        </bndbox>
    </object>
</annotation>