<annotation>
    <folder></folder>
    <filename>000000040204.jpg</filename>
    <path>C:\Users\deoli\Desktop\COCO_export\data\000000040204.jpg</path>
    <source>
        <database></database>
    </source>
    <size>
        <width>640</width>
        <height>424</height>
        <depth></depth>
    </size>
    <segmented></segmented>
    <object>
        <name>airplane</name>
        <supercategory>vehicle</supercategory>
        <iscrowd>0</iscrowd>
        <bndbox>
            <xmin>52</xmin>
            <ymin>156</ymin>
            <xmax>624</xmax>
            <ymax>320</ymax>
        </bndbox>
    </object>
</annotation>