<annotation>
    <folder></folder>
    <filename>000000005690.jpg</filename>
    <path>C:\Users\deoli\Desktop\COCO_export\data\000000005690.jpg</path>
    <source>
        <database></database>
    </source>
    <size>
        <width>640</width>
        <height>427</height>
        <depth></depth>
    </size>
    <segmented></segmented>
    <object>
        <name>train</name>
        <supercategory>vehicle</supercategory>
        <iscrowd>0</iscrowd>
        <bndbox>
            <xmin>81</xmin>
            <ymin>223</ymin>
            <xmax>629</xmax>
            <ymax>345</ymax>
        </bndbox>
    </object>
</annotation>