<annotation>
    <folder></folder>
    <filename>000000015016.jpg</filename>
    <path>C:\Users\deoli\Desktop\COCO_export\data\000000015016.jpg</path>
    <source>
        <database></database>
    </source>
    <size>
        <width>640</width>
        <height>425</height>
        <depth></depth>
    </size>
    <segmented></segmented>
    <object>
        <name>bird</name>
        <supercategory>animal</supercategory>
        <iscrowd>0</iscrowd>
        <bndbox>
            <xmin>323</xmin>
            <ymin>145</ymin>
            <xmax>435</xmax>
            <ymax>236</ymax>
        </bndbox>
    </object>
</annotation>