<annotation>
    <folder></folder>
    <filename>000000021374.jpg</filename>
    <path>C:\Users\deoli\Desktop\COCO_export\data\000000021374.jpg</path>
    <source>
        <database></database>
    </source>
    <size>
        <width>640</width>
        <height>426</height>
        <depth></depth>
    </size>
    <segmented></segmented>
    <object>
        <name>bus</name>
        <supercategory>vehicle</supercategory>
        <iscrowd>0</iscrowd>
        <bndbox>
            <xmin>192</xmin>
            <ymin>127</ymin>
            <xmax>459</xmax>
            <ymax>269</ymax>
        </bndbox>
    </object>
</annotation>