<annotation>
    <folder></folder>
    <filename>000000044389.jpg</filename>
    <path>C:\Users\deoli\Desktop\COCO_export\data\000000044389.jpg</path>
    <source>
        <database></database>
    </source>
    <size>
        <width>640</width>
        <height>480</height>
        <depth></depth>
    </size>
    <segmented></segmented>
    <object>
        <name>train</name>
        <supercategory>vehicle</supercategory>
        <iscrowd>0</iscrowd>
        <bndbox>
            <xmin>4</xmin>
            <ymin>237</ymin>
            <xmax>640</xmax>
            <ymax>355</ymax>
        </bndbox>
    </object>
</annotation>