<annotation>
    <folder></folder>
    <filename>000000010107.jpg</filename>
    <path>C:\Users\deoli\Desktop\COCO_export\data\000000010107.jpg</path>
    <source>
        <database></database>
    </source>
    <size>
        <width>480</width>
        <height>640</height>
        <depth></depth>
    </size>
    <segmented></segmented>
    <object>
        <name>dog</name>
        <supercategory>animal</supercategory>
        <iscrowd>0</iscrowd>
        <bndbox>
            <xmin>115</xmin>
            <ymin>182</ymin>
            <xmax>477</xmax>
            <ymax>632</ymax>
        </bndbox>
    </object>
</annotation>