<annotation>
    <folder></folder>
    <filename>000000048929.jpg</filename>
    <path>C:\Users\deoli\Desktop\COCO_export\data\000000048929.jpg</path>
    <source>
        <database></database>
    </source>
    <size>
        <width>640</width>
        <height>427</height>
        <depth></depth>
    </size>
    <segmented></segmented>
    <object>
        <name>person</name>
        <supercategory>person</supercategory>
        <iscrowd>0</iscrowd>
        <bndbox>
            <xmin>29</xmin>
            <ymin>200</ymin>
            <xmax>298</xmax>
            <ymax>418</ymax>
        </bndbox>
    </object>
</annotation>