<annotation>
    <folder></folder>
    <filename>000000046965.jpg</filename>
    <path>C:\Users\deoli\Desktop\COCO_export\data\000000046965.jpg</path>
    <source>
        <database></database>
    </source>
    <size>
        <width>640</width>
        <height>484</height>
        <depth></depth>
    </size>
    <segmented></segmented>
    <object>
        <name>bird</name>
        <supercategory>animal</supercategory>
        <iscrowd>0</iscrowd>
        <bndbox>
            <xmin>71</xmin>
            <ymin>40</ymin>
            <xmax>604</xmax>
            <ymax>478</ymax>
        </bndbox>
    </object>
</annotation>