<annotation>
    <folder></folder>
    <filename>000000016831.jpg</filename>
    <path>C:\Users\deoli\Desktop\COCO_export\data\000000016831.jpg</path>
    <source>
        <database></database>
    </source>
    <size>
        <width>426</width>
        <height>640</height>
        <depth></depth>
    </size>
    <segmented></segmented>
    <object>
        <name>person</name>
        <supercategory>person</supercategory>
        <iscrowd>0</iscrowd>
        <bndbox>
            <xmin>1</xmin>
            <ymin>93</ymin>
            <xmax>289</xmax>
            <ymax>631</ymax>
        </bndbox>
    </object>
</annotation>