<annotation>
    <folder></folder>
    <filename>000000042700.jpg</filename>
    <path>C:\Users\deoli\Desktop\COCO_export\data\000000042700.jpg</path>
    <source>
        <database></database>
    </source>
    <size>
        <width>640</width>
        <height>428</height>
        <depth></depth>
    </size>
    <segmented></segmented>
    <object>
        <name>cat</name>
        <supercategory>animal</supercategory>
        <iscrowd>0</iscrowd>
        <bndbox>
            <xmin>196</xmin>
            <ymin>60</ymin>
            <xmax>416</xmax>
            <ymax>415</ymax>
        </bndbox>
    </object>
</annotation>