<annotation>
    <folder></folder>
    <filename>000000026033.jpg</filename>
    <path>C:\Users\deoli\Desktop\COCO_export\data\000000026033.jpg</path>
    <source>
        <database></database>
    </source>
    <size>
        <width>640</width>
        <height>480</height>
        <depth></depth>
    </size>
    <segmented></segmented>
    <object>
        <name>train</name>
        <supercategory>vehicle</supercategory>
        <iscrowd>0</iscrowd>
        <bndbox>
            <xmin>144</xmin>
            <ymin>181</ymin>
            <xmax>367</xmax>
            <ymax>196</ymax>
        </bndbox>
    </object>
</annotation>