<annotation>
    <folder></folder>
    <filename>000000019443.jpg</filename>
    <path>C:\Users\deoli\Desktop\COCO_export\data\000000019443.jpg</path>
    <source>
        <database></database>
    </source>
    <size>
        <width>640</width>
        <height>359</height>
        <depth></depth>
    </size>
    <segmented></segmented>
    <object>
        <name>motorcycle</name>
        <supercategory>vehicle</supercategory>
        <iscrowd>0</iscrowd>
        <bndbox>
            <xmin>113</xmin>
            <ymin>65</ymin>
            <xmax>566</xmax>
            <ymax>278</ymax>
        </bndbox>
    </object>
</annotation>