<annotation>
    <folder></folder>
    <filename>000000033532.jpg</filename>
    <path>C:\Users\deoli\Desktop\COCO_export\data\000000033532.jpg</path>
    <source>
        <database></database>
    </source>
    <size>
        <width>640</width>
        <height>412</height>
        <depth></depth>
    </size>
    <segmented></segmented>
    <object>
        <name>bird</name>
        <supercategory>animal</supercategory>
        <iscrowd>0</iscrowd>
        <bndbox>
            <xmin>20</xmin>
            <ymin>65</ymin>
            <xmax>545</xmax>
            <ymax>358</ymax>
        </bndbox>
    </object>
</annotation>