<annotation>
    <folder></folder>
    <filename>000000031305.jpg</filename>
    <path>C:\Users\deoli\Desktop\COCO_export\data\000000031305.jpg</path>
    <source>
        <database></database>
    </source>
    <size>
        <width>640</width>
        <height>504</height>
        <depth></depth>
    </size>
    <segmented></segmented>
    <object>
        <name>airplane</name>
        <supercategory>vehicle</supercategory>
        <iscrowd>0</iscrowd>
        <bndbox>
            <xmin>132</xmin>
            <ymin>138</ymin>
            <xmax>515</xmax>
            <ymax>342</ymax>
        </bndbox>
    </object>
</annotation>