<annotation>
    <folder></folder>
    <filename>000000054575.jpg</filename>
    <path>C:\Users\deoli\Desktop\COCO_export\data\000000054575.jpg</path>
    <source>
        <database></database>
    </source>
    <size>
        <width>320</width>
        <height>240</height>
        <depth></depth>
    </size>
    <segmented></segmented>
    <object>
        <name>cat</name>
        <supercategory>animal</supercategory>
        <iscrowd>0</iscrowd>
        <bndbox>
            <xmin>18</xmin>
            <ymin>0</ymin>
            <xmax>270</xmax>
            <ymax>208</ymax>
        </bndbox>
    </object>
</annotation>