<annotation>
    <folder></folder>
    <filename>000000042476.jpg</filename>
    <path>C:\Users\deoli\Desktop\COCO_export\data\000000042476.jpg</path>
    <source>
        <database></database>
    </source>
    <size>
        <width>640</width>
        <height>427</height>
        <depth></depth>
    </size>
    <segmented></segmented>
    <object>
        <name>cow</name>
        <supercategory>animal</supercategory>
        <iscrowd>0</iscrowd>
        <bndbox>
            <xmin>235</xmin>
            <ymin>228</ymin>
            <xmax>439</xmax>
            <ymax>382</ymax>
        </bndbox>
    </object>
</annotation>