<annotation>
    <folder></folder>
    <filename>000000003745.jpg</filename>
    <path>C:\Users\deoli\Desktop\COCO_export\data\000000003745.jpg</path>
    <source>
        <database></database>
    </source>
    <size>
        <width>400</width>
        <height>500</height>
        <depth></depth>
    </size>
    <segmented></segmented>
    <object>
        <name>dog</name>
        <supercategory>animal</supercategory>
        <iscrowd>0</iscrowd>
        <bndbox>
            <xmin>87</xmin>
            <ymin>166</ymin>
            <xmax>365</xmax>
            <ymax>491</ymax>
        </bndbox>
    </object>
</annotation>