<annotation>
    <folder></folder>
    <filename>000000032524.jpg</filename>
    <path>C:\Users\deoli\Desktop\COCO_export\data\000000032524.jpg</path>
    <source>
        <database></database>
    </source>
    <size>
        <width>426</width>
        <height>640</height>
        <depth></depth>
    </size>
    <segmented></segmented>
    <object>
        <name>person</name>
        <supercategory>person</supercategory>
        <iscrowd>0</iscrowd>
        <bndbox>
            <xmin>17</xmin>
            <ymin>143</ymin>
            <xmax>417</xmax>
            <ymax>613</ymax>
        </bndbox>
    </object>
</annotation>