<annotation>
    <folder></folder>
    <filename>000000022718.jpg</filename>
    <path>C:\Users\deoli\Desktop\COCO_export\data\000000022718.jpg</path>
    <source>
        <database></database>
    </source>
    <size>
        <width>640</width>
        <height>320</height>
        <depth></depth>
    </size>
    <segmented></segmented>
    <object>
        <name>airplane</name>
        <supercategory>vehicle</supercategory>
        <iscrowd>0</iscrowd>
        <bndbox>
            <xmin>178</xmin>
            <ymin>127</ymin>
            <xmax>452</xmax>
            <ymax>209</ymax>
        </bndbox>
    </object>
</annotation>