<annotation>
    <folder></folder>
    <filename>000000053640.jpg</filename>
    <path>C:\Users\deoli\Desktop\COCO_export\data\000000053640.jpg</path>
    <source>
        <database></database>
    </source>
    <size>
        <width>640</width>
        <height>480</height>
        <depth></depth>
    </size>
    <segmented></segmented>
    <object>
        <name>bird</name>
        <supercategory>animal</supercategory>
        <iscrowd>0</iscrowd>
        <bndbox>
            <xmin>93</xmin>
            <ymin>100</ymin>
            <xmax>317</xmax>
            <ymax>416</ymax>
        </bndbox>
    </object>
</annotation>