<annotation>
    <folder></folder>
    <filename>000000027276.jpg</filename>
    <path>C:\Users\deoli\Desktop\COCO_export\data\000000027276.jpg</path>
    <source>
        <database></database>
    </source>
    <size>
        <width>500</width>
        <height>375</height>
        <depth></depth>
    </size>
    <segmented></segmented>
    <object>
        <name>dog</name>
        <supercategory>animal</supercategory>
        <iscrowd>0</iscrowd>
        <bndbox>
            <xmin>107</xmin>
            <ymin>121</ymin>
            <xmax>500</xmax>
            <ymax>294</ymax>
        </bndbox>
    </object>
</annotation>