<annotation>
    <folder></folder>
    <filename>000000017715.jpg</filename>
    <path>C:\Users\deoli\Desktop\COCO_export\data\000000017715.jpg</path>
    <source>
        <database></database>
    </source>
    <size>
        <width>640</width>
        <height>439</height>
        <depth></depth>
    </size>
    <segmented></segmented>
    <object>
        <name>train</name>
        <supercategory>vehicle</supercategory>
        <iscrowd>0</iscrowd>
        <bndbox>
            <xmin>253</xmin>
            <ymin>284</ymin>
            <xmax>497</xmax>
            <ymax>341</ymax>
        </bndbox>
    </object>
</annotation>