<annotation>
    <folder></folder>
    <filename>000000012138.jpg</filename>
    <path>C:\Users\deoli\Desktop\COCO_export\data\000000012138.jpg</path>
    <source>
        <database></database>
    </source>
    <size>
        <width>640</width>
        <height>427</height>
        <depth></depth>
    </size>
    <segmented></segmented>
    <object>
        <name>airplane</name>
        <supercategory>vehicle</supercategory>
        <iscrowd>0</iscrowd>
        <bndbox>
            <xmin>194</xmin>
            <ymin>140</ymin>
            <xmax>419</xmax>
            <ymax>243</ymax>
        </bndbox>
    </object>
</annotation>