<annotation>
    <folder></folder>
    <filename>000000021566.jpg</filename>
    <path>C:\Users\deoli\Desktop\COCO_export\data\000000021566.jpg</path>
    <source>
        <database></database>
    </source>
    <size>
        <width>640</width>
        <height>480</height>
        <depth></depth>
    </size>
    <segmented></segmented>
    <object>
        <name>dog</name>
        <supercategory>animal</supercategory>
        <iscrowd>0</iscrowd>
        <bndbox>
            <xmin>66</xmin>
            <ymin>129</ymin>
            <xmax>436</xmax>
            <ymax>257</ymax>
        </bndbox>
    </object>
</annotation>