<annotation>
    <folder></folder>
    <filename>000000035936.jpg</filename>
    <path>C:\Users\deoli\Desktop\COCO_export\data\000000035936.jpg</path>
    <source>
        <database></database>
    </source>
    <size>
        <width>426</width>
        <height>640</height>
        <depth></depth>
    </size>
    <segmented></segmented>
    <object>
        <name>train</name>
        <supercategory>vehicle</supercategory>
        <iscrowd>0</iscrowd>
        <bndbox>
            <xmin>93</xmin>
            <ymin>200</ymin>
            <xmax>193</xmax>
            <ymax>251</ymax>
        </bndbox>
    </object>
</annotation>