<annotation>
    <folder></folder>
    <filename>000000008595.jpg</filename>
    <path>C:\Users\deoli\Desktop\COCO_export\data\000000008595.jpg</path>
    <source>
        <database></database>
    </source>
    <size>
        <width>640</width>
        <height>393</height>
        <depth></depth>
    </size>
    <segmented></segmented>
    <object>
        <name>cow</name>
        <supercategory>animal</supercategory>
        <iscrowd>0</iscrowd>
        <bndbox>
            <xmin>169</xmin>
            <ymin>35</ymin>
            <xmax>378</xmax>
            <ymax>363</ymax>
        </bndbox>
    </object>
</annotation>