<annotation>
    <folder></folder>
    <filename>000000014430.jpg</filename>
    <path>C:\Users\deoli\Desktop\COCO_export\data\000000014430.jpg</path>
    <source>
        <database></database>
    </source>
    <size>
        <width>640</width>
        <height>426</height>
        <depth></depth>
    </size>
    <segmented></segmented>
    <object>
        <name>cow</name>
        <supercategory>animal</supercategory>
        <iscrowd>0</iscrowd>
        <bndbox>
            <xmin>166</xmin>
            <ymin>118</ymin>
            <xmax>345</xmax>
            <ymax>320</ymax>
        </bndbox>
    </object>
</annotation>