<annotation>
    <folder></folder>
    <filename>000000042875.jpg</filename>
    <path>C:\Users\deoli\Desktop\COCO_export\data\000000042875.jpg</path>
    <source>
        <database></database>
    </source>
    <size>
        <width>427</width>
        <height>640</height>
        <depth></depth>
    </size>
    <segmented></segmented>
    <object>
        <name>cow</name>
        <supercategory>animal</supercategory>
        <iscrowd>0</iscrowd>
        <bndbox>
            <xmin>50</xmin>
            <ymin>93</ymin>
            <xmax>183</xmax>
            <ymax>183</ymax>
        </bndbox>
    </object>
</annotation>