<annotation>
    <folder></folder>
    <filename>000000044003.jpg</filename>
    <path>C:\Users\deoli\Desktop\COCO_export\data\000000044003.jpg</path>
    <source>
        <database></database>
    </source>
    <size>
        <width>500</width>
        <height>246</height>
        <depth></depth>
    </size>
    <segmented></segmented>
    <object>
        <name>bird</name>
        <supercategory>animal</supercategory>
        <iscrowd>0</iscrowd>
        <bndbox>
            <xmin>436</xmin>
            <ymin>155</ymin>
            <xmax>497</xmax>
            <ymax>206</ymax>
        </bndbox>
    </object>
</annotation>