<annotation>
    <folder></folder>
    <filename>000000014707.jpg</filename>
    <path>C:\Users\deoli\Desktop\COCO_export\data\000000014707.jpg</path>
    <source>
        <database></database>
    </source>
    <size>
        <width>640</width>
        <height>503</height>
        <depth></depth>
    </size>
    <segmented></segmented>
    <object>
        <name>airplane</name>
        <supercategory>vehicle</supercategory>
        <iscrowd>0</iscrowd>
        <bndbox>
            <xmin>163</xmin>
            <ymin>100</ymin>
            <xmax>612</xmax>
            <ymax>253</ymax>
        </bndbox>
    </object>
</annotation>