<annotation>
    <folder></folder>
    <filename>000000005005.jpg</filename>
    <path>C:\Users\deoli\Desktop\COCO_export\data\000000005005.jpg</path>
    <source>
        <database></database>
    </source>
    <size>
        <width>640</width>
        <height>426</height>
        <depth></depth>
    </size>
    <segmented></segmented>
    <object>
        <name>cow</name>
        <supercategory>animal</supercategory>
        <iscrowd>0</iscrowd>
        <bndbox>
            <xmin>249</xmin>
            <ymin>169</ymin>
            <xmax>369</xmax>
            <ymax>271</ymax>
        </bndbox>
    </object>
</annotation>