<annotation>
    <folder></folder>
    <filename>000000008138.jpg</filename>
    <path>C:\Users\deoli\Desktop\COCO_export\data\000000008138.jpg</path>
    <source>
        <database></database>
    </source>
    <size>
        <width>640</width>
        <height>454</height>
        <depth></depth>
    </size>
    <segmented></segmented>
    <object>
        <name>airplane</name>
        <supercategory>vehicle</supercategory>
        <iscrowd>0</iscrowd>
        <bndbox>
            <xmin>270</xmin>
            <ymin>195</ymin>
            <xmax>531</xmax>
            <ymax>286</ymax>
        </bndbox>
    </object>
</annotation>