<annotation>
    <folder></folder>
    <filename>000000050496.jpg</filename>
    <path>C:\Users\deoli\Desktop\COCO_export\data\000000050496.jpg</path>
    <source>
        <database></database>
    </source>
    <size>
        <width>500</width>
        <height>333</height>
        <depth></depth>
    </size>
    <segmented></segmented>
    <object>
        <name>train</name>
        <supercategory>vehicle</supercategory>
        <iscrowd>0</iscrowd>
        <bndbox>
            <xmin>47</xmin>
            <ymin>88</ymin>
            <xmax>353</xmax>
            <ymax>259</ymax>
        </bndbox>
    </object>
</annotation>