<annotation>
    <folder></folder>
    <filename>000000055652.jpg</filename>
    <path>C:\Users\deoli\Desktop\COCO_export\data\000000055652.jpg</path>
    <source>
        <database></database>
    </source>
    <size>
        <width>640</width>
        <height>360</height>
        <depth></depth>
    </size>
    <segmented></segmented>
    <object>
        <name>bird</name>
        <supercategory>animal</supercategory>
        <iscrowd>0</iscrowd>
        <bndbox>
            <xmin>263</xmin>
            <ymin>68</ymin>
            <xmax>356</xmax>
            <ymax>272</ymax>
        </bndbox>
    </object>
</annotation>