<annotation>
    <folder></folder>
    <filename>000000016653.jpg</filename>
    <path>C:\Users\deoli\Desktop\COCO_export\data\000000016653.jpg</path>
    <source>
        <database></database>
    </source>
    <size>
        <width>640</width>
        <height>407</height>
        <depth></depth>
    </size>
    <segmented></segmented>
    <object>
        <name>train</name>
        <supercategory>vehicle</supercategory>
        <iscrowd>0</iscrowd>
        <bndbox>
            <xmin>13</xmin>
            <ymin>172</ymin>
            <xmax>561</xmax>
            <ymax>321</ymax>
        </bndbox>
    </object>
</annotation>