<annotation>
    <folder></folder>
    <filename>000000016730.jpg</filename>
    <path>C:\Users\deoli\Desktop\COCO_export\data\000000016730.jpg</path>
    <source>
        <database></database>
    </source>
    <size>
        <width>375</width>
        <height>500</height>
        <depth></depth>
    </size>
    <segmented></segmented>
    <object>
        <name>dog</name>
        <supercategory>animal</supercategory>
        <iscrowd>0</iscrowd>
        <bndbox>
            <xmin>0</xmin>
            <ymin>407</ymin>
            <xmax>154</xmax>
            <ymax>500</ymax>
        </bndbox>
    </object>
</annotation>