<annotation>
    <folder></folder>
    <filename>000000021902.jpg</filename>
    <path>C:\Users\deoli\Desktop\COCO_export\data\000000021902.jpg</path>
    <source>
        <database></database>
    </source>
    <size>
        <width>612</width>
        <height>612</height>
        <depth></depth>
    </size>
    <segmented></segmented>
    <object>
        <name>train</name>
        <supercategory>vehicle</supercategory>
        <iscrowd>0</iscrowd>
        <bndbox>
            <xmin>20</xmin>
            <ymin>221</ymin>
            <xmax>230</xmax>
            <ymax>554</ymax>
        </bndbox>
    </object>
</annotation>