<annotation>
    <folder></folder>
    <filename>000000044061.jpg</filename>
    <path>C:\Users\deoli\Desktop\COCO_export\data\000000044061.jpg</path>
    <source>
        <database></database>
    </source>
    <size>
        <width>640</width>
        <height>429</height>
        <depth></depth>
    </size>
    <segmented></segmented>
    <object>
        <name>train</name>
        <supercategory>vehicle</supercategory>
        <iscrowd>0</iscrowd>
        <bndbox>
            <xmin>399</xmin>
            <ymin>3</ymin>
            <xmax>639</xmax>
            <ymax>421</ymax>
        </bndbox>
    </object>
</annotation>