<annotation>
    <folder></folder>
    <filename>000000021408.jpg</filename>
    <path>C:\Users\deoli\Desktop\COCO_export\data\000000021408.jpg</path>
    <source>
        <database></database>
    </source>
    <size>
        <width>640</width>
        <height>425</height>
        <depth></depth>
    </size>
    <segmented></segmented>
    <object>
        <name>bird</name>
        <supercategory>animal</supercategory>
        <iscrowd>0</iscrowd>
        <bndbox>
            <xmin>309</xmin>
            <ymin>148</ymin>
            <xmax>430</xmax>
            <ymax>361</ymax>
        </bndbox>
    </object>
</annotation>