<annotation>
    <folder></folder>
    <filename>000000024682.jpg</filename>
    <path>C:\Users\deoli\Desktop\COCO_export\data\000000024682.jpg</path>
    <source>
        <database></database>
    </source>
    <size>
        <width>427</width>
        <height>640</height>
        <depth></depth>
    </size>
    <segmented></segmented>
    <object>
        <name>train</name>
        <supercategory>vehicle</supercategory>
        <iscrowd>0</iscrowd>
        <bndbox>
            <xmin>2</xmin>
            <ymin>149</ymin>
            <xmax>250</xmax>
            <ymax>345</ymax>
        </bndbox>
    </object>
</annotation>