<annotation>
    <folder></folder>
    <filename>000000006146.jpg</filename>
    <path>C:\Users\deoli\Desktop\COCO_export\data\000000006146.jpg</path>
    <source>
        <database></database>
    </source>
    <size>
        <width>500</width>
        <height>364</height>
        <depth></depth>
    </size>
    <segmented></segmented>
    <object>
        <name>boat</name>
        <supercategory>vehicle</supercategory>
        <iscrowd>0</iscrowd>
        <bndbox>
            <xmin>119</xmin>
            <ymin>188</ymin>
            <xmax>418</xmax>
            <ymax>231</ymax>
        </bndbox>
    </object>
</annotation>