<annotation>
    <folder></folder>
    <filename>000000022983.jpg</filename>
    <path>C:\Users\deoli\Desktop\COCO_export\data\000000022983.jpg</path>
    <source>
        <database></database>
    </source>
    <size>
        <width>640</width>
        <height>425</height>
        <depth></depth>
    </size>
    <segmented></segmented>
    <object>
        <name>cow</name>
        <supercategory>animal</supercategory>
        <iscrowd>0</iscrowd>
        <bndbox>
            <xmin>138</xmin>
            <ymin>47</ymin>
            <xmax>445</xmax>
            <ymax>418</ymax>
        </bndbox>
    </object>
</annotation>