<annotation>
    <folder></folder>
    <filename>000000048805.jpg</filename>
    <path>C:\Users\deoli\Desktop\COCO_export\data\000000048805.jpg</path>
    <source>
        <database></database>
    </source>
    <size>
        <width>640</width>
        <height>480</height>
        <depth></depth>
    </size>
    <segmented></segmented>
    <object>
        <name>dog</name>
        <supercategory>animal</supercategory>
        <iscrowd>0</iscrowd>
        <bndbox>
            <xmin>422</xmin>
            <ymin>393</ymin>
            <xmax>477</xmax>
            <ymax>474</ymax>
        </bndbox>
    </object>
</annotation>