<annotation>
    <folder></folder>
    <filename>000000025401.jpg</filename>
    <path>C:\Users\deoli\Desktop\COCO_export\data\000000025401.jpg</path>
    <source>
        <database></database>
    </source>
    <size>
        <width>480</width>
        <height>640</height>
        <depth></depth>
    </size>
    <segmented></segmented>
    <object>
        <name>cat</name>
        <supercategory>animal</supercategory>
        <iscrowd>0</iscrowd>
        <bndbox>
            <xmin>101</xmin>
            <ymin>199</ymin>
            <xmax>308</xmax>
            <ymax>481</ymax>
        </bndbox>
    </object>
</annotation>