<annotation>
    <folder></folder>
    <filename>000000040580.jpg</filename>
    <path>C:\Users\deoli\Desktop\COCO_export\data\000000040580.jpg</path>
    <source>
        <database></database>
    </source>
    <size>
        <width>640</width>
        <height>408</height>
        <depth></depth>
    </size>
    <segmented></segmented>
    <object>
        <name>dog</name>
        <supercategory>animal</supercategory>
        <iscrowd>0</iscrowd>
        <bndbox>
            <xmin>61</xmin>
            <ymin>193</ymin>
            <xmax>562</xmax>
            <ymax>350</ymax>
        </bndbox>
    </object>
</annotation>