<annotation>
    <folder></folder>
    <filename>000000015438.jpg</filename>
    <path>C:\Users\deoli\Desktop\COCO_export\data\000000015438.jpg</path>
    <source>
        <database></database>
    </source>
    <size>
        <width>640</width>
        <height>480</height>
        <depth></depth>
    </size>
    <segmented></segmented>
    <object>
        <name>cow</name>
        <supercategory>animal</supercategory>
        <iscrowd>0</iscrowd>
        <bndbox>
            <xmin>155</xmin>
            <ymin>145</ymin>
            <xmax>638</xmax>
            <ymax>389</ymax>
        </bndbox>
    </object>
</annotation>