<annotation>
    <folder></folder>
    <filename>000000012070.jpg</filename>
    <path>C:\Users\deoli\Desktop\COCO_export\data\000000012070.jpg</path>
    <source>
        <database></database>
    </source>
    <size>
        <width>500</width>
        <height>375</height>
        <depth></depth>
    </size>
    <segmented></segmented>
    <object>
        <name>cat</name>
        <supercategory>animal</supercategory>
        <iscrowd>0</iscrowd>
        <bndbox>
            <xmin>0</xmin>
            <ymin>0</ymin>
            <xmax>314</xmax>
            <ymax>269</ymax>
        </bndbox>
    </object>
</annotation>