<annotation>
    <folder></folder>
    <filename>000000031396.jpg</filename>
    <path>C:\Users\deoli\Desktop\COCO_export\data\000000031396.jpg</path>
    <source>
        <database></database>
    </source>
    <size>
        <width>640</width>
        <height>428</height>
        <depth></depth>
    </size>
    <segmented></segmented>
    <object>
        <name>bird</name>
        <supercategory>animal</supercategory>
        <iscrowd>0</iscrowd>
        <bndbox>
            <xmin>173</xmin>
            <ymin>122</ymin>
            <xmax>375</xmax>
            <ymax>401</ymax>
        </bndbox>
    </object>
</annotation>