<annotation>
    <folder></folder>
    <filename>000000024430.jpg</filename>
    <path>C:\Users\deoli\Desktop\COCO_export\data\000000024430.jpg</path>
    <source>
        <database></database>
    </source>
    <size>
        <width>640</width>
        <height>427</height>
        <depth></depth>
    </size>
    <segmented></segmented>
    <object>
        <name>boat</name>
        <supercategory>vehicle</supercategory>
        <iscrowd>0</iscrowd>
        <bndbox>
            <xmin>224</xmin>
            <ymin>218</ymin>
            <xmax>576</xmax>
            <ymax>291</ymax>
        </bndbox>
    </object>
</annotation>