<annotation>
    <folder></folder>
    <filename>000000007489.jpg</filename>
    <path>C:\Users\deoli\Desktop\COCO_export\data\000000007489.jpg</path>
    <source>
        <database></database>
    </source>
    <size>
        <width>640</width>
        <height>202</height>
        <depth></depth>
    </size>
    <segmented></segmented>
    <object>
        <name>airplane</name>
        <supercategory>vehicle</supercategory>
        <iscrowd>0</iscrowd>
        <bndbox>
            <xmin>114</xmin>
            <ymin>15</ymin>
            <xmax>205</xmax>
            <ymax>45</ymax>
        </bndbox>
    </object>
</annotation>