<annotation>
    <folder></folder>
    <filename>000000053696.jpg</filename>
    <path>C:\Users\deoli\Desktop\COCO_export\data\000000053696.jpg</path>
    <source>
        <database></database>
    </source>
    <size>
        <width>427</width>
        <height>640</height>
        <depth></depth>
    </size>
    <segmented></segmented>
    <object>
        <name>motorcycle</name>
        <supercategory>vehicle</supercategory>
        <iscrowd>0</iscrowd>
        <bndbox>
            <xmin>56</xmin>
            <ymin>83</ymin>
            <xmax>362</xmax>
            <ymax>631</ymax>
        </bndbox>
    </object>
</annotation>