<annotation>
    <folder></folder>
    <filename>000000015681.jpg</filename>
    <path>C:\Users\deoli\Desktop\COCO_export\data\000000015681.jpg</path>
    <source>
        <database></database>
    </source>
    <size>
        <width>640</width>
        <height>441</height>
        <depth></depth>
    </size>
    <segmented></segmented>
    <object>
        <name>bird</name>
        <supercategory>animal</supercategory>
        <iscrowd>0</iscrowd>
        <bndbox>
            <xmin>206</xmin>
            <ymin>75</ymin>
            <xmax>348</xmax>
            <ymax>329</ymax>
        </bndbox>
    </object>
</annotation>