<annotation>
    <folder></folder>
    <filename>000000010627.jpg</filename>
    <path>C:\Users\deoli\Desktop\COCO_export\data\000000010627.jpg</path>
    <source>
        <database></database>
    </source>
    <size>
        <width>426</width>
        <height>640</height>
        <depth></depth>
    </size>
    <segmented></segmented>
    <object>
        <name>airplane</name>
        <supercategory>vehicle</supercategory>
        <iscrowd>0</iscrowd>
        <bndbox>
            <xmin>68</xmin>
            <ymin>91</ymin>
            <xmax>295</xmax>
            <ymax>177</ymax>
        </bndbox>
    </object>
</annotation>