<annotation>
    <folder></folder>
    <filename>000000020420.jpg</filename>
    <path>C:\Users\deoli\Desktop\COCO_export\data\000000020420.jpg</path>
    <source>
        <database></database>
    </source>
    <size>
        <width>640</width>
        <height>426</height>
        <depth></depth>
    </size>
    <segmented></segmented>
    <object>
        <name>cow</name>
        <supercategory>animal</supercategory>
        <iscrowd>0</iscrowd>
        <bndbox>
            <xmin>93</xmin>
            <ymin>128</ymin>
            <xmax>419</xmax>
            <ymax>324</ymax>
        </bndbox>
    </object>
</annotation>