<annotation>
    <folder></folder>
    <filename>000000009466.jpg</filename>
    <path>C:\Users\deoli\Desktop\COCO_export\data\000000009466.jpg</path>
    <source>
        <database></database>
    </source>
    <size>
        <width>640</width>
        <height>427</height>
        <depth></depth>
    </size>
    <segmented></segmented>
    <object>
        <name>cat</name>
        <supercategory>animal</supercategory>
        <iscrowd>0</iscrowd>
        <bndbox>
            <xmin>69</xmin>
            <ymin>98</ymin>
            <xmax>266</xmax>
            <ymax>290</ymax>
        </bndbox>
    </object>
</annotation>