<annotation>
    <folder></folder>
    <filename>000000040746.jpg</filename>
    <path>C:\Users\deoli\Desktop\COCO_export\data\000000040746.jpg</path>
    <source>
        <database></database>
    </source>
    <size>
        <width>640</width>
        <height>480</height>
        <depth></depth>
    </size>
    <segmented></segmented>
    <object>
        <name>airplane</name>
        <supercategory>vehicle</supercategory>
        <iscrowd>0</iscrowd>
        <bndbox>
            <xmin>1</xmin>
            <ymin>259</ymin>
            <xmax>635</xmax>
            <ymax>472</ymax>
        </bndbox>
    </object>
</annotation>