<annotation>
    <folder></folder>
    <filename>000000043576.jpg</filename>
    <path>C:\Users\deoli\Desktop\COCO_export\data\000000043576.jpg</path>
    <source>
        <database></database>
    </source>
    <size>
        <width>640</width>
        <height>442</height>
        <depth></depth>
    </size>
    <segmented></segmented>
    <object>
        <name>bird</name>
        <supercategory>animal</supercategory>
        <iscrowd>0</iscrowd>
        <bndbox>
            <xmin>133</xmin>
            <ymin>53</ymin>
            <xmax>437</xmax>
            <ymax>396</ymax>
        </bndbox>
    </object>
</annotation>