<annotation>
    <folder></folder>
    <filename>000000009678.jpg</filename>
    <path>C:\Users\deoli\Desktop\COCO_export\data\000000009678.jpg</path>
    <source>
        <database></database>
    </source>
    <size>
        <width>640</width>
        <height>391</height>
        <depth></depth>
    </size>
    <segmented></segmented>
    <object>
        <name>horse</name>
        <supercategory>animal</supercategory>
        <iscrowd>0</iscrowd>
        <bndbox>
            <xmin>322</xmin>
            <ymin>125</ymin>
            <xmax>515</xmax>
            <ymax>290</ymax>
        </bndbox>
    </object>
</annotation>