<annotation>
    <folder></folder>
    <filename>000000043610.jpg</filename>
    <path>C:\Users\deoli\Desktop\COCO_export\data\000000043610.jpg</path>
    <source>
        <database></database>
    </source>
    <size>
        <width>640</width>
        <height>488</height>
        <depth></depth>
    </size>
    <segmented></segmented>
    <object>
        <name>bird</name>
        <supercategory>animal</supercategory>
        <iscrowd>0</iscrowd>
        <bndbox>
            <xmin>184</xmin>
            <ymin>209</ymin>
            <xmax>393</xmax>
            <ymax>315</ymax>
        </bndbox>
    </object>
</annotation>