<annotation>
    <folder></folder>
    <filename>000000003771.jpg</filename>
    <path>C:\Users\deoli\Desktop\COCO_export\data\000000003771.jpg</path>
    <source>
        <database></database>
    </source>
    <size>
        <width>640</width>
        <height>457</height>
        <depth></depth>
    </size>
    <segmented></segmented>
    <object>
        <name>cow</name>
        <supercategory>animal</supercategory>
        <iscrowd>0</iscrowd>
        <bndbox>
            <xmin>155</xmin>
            <ymin>82</ymin>
            <xmax>514</xmax>
            <ymax>344</ymax>
        </bndbox>
    </object>
</annotation>