<annotation>
    <folder></folder>
    <filename>000000013714.jpg</filename>
    <path>C:\Users\deoli\Desktop\COCO_export\data\000000013714.jpg</path>
    <source>
        <database></database>
    </source>
    <size>
        <width>640</width>
        <height>640</height>
        <depth></depth>
    </size>
    <segmented></segmented>
    <object>
        <name>train</name>
        <supercategory>vehicle</supercategory>
        <iscrowd>0</iscrowd>
        <bndbox>
            <xmin>0</xmin>
            <ymin>467</ymin>
            <xmax>636</xmax>
            <ymax>540</ymax>
        </bndbox>
    </object>
</annotation>