<annotation>
    <folder></folder>
    <filename>000000053684.jpg</filename>
    <path>C:\Users\deoli\Desktop\COCO_export\data\000000053684.jpg</path>
    <source>
        <database></database>
    </source>
    <size>
        <width>640</width>
        <height>344</height>
        <depth></depth>
    </size>
    <segmented></segmented>
    <object>
        <name>train</name>
        <supercategory>vehicle</supercategory>
        <iscrowd>0</iscrowd>
        <bndbox>
            <xmin>9</xmin>
            <ymin>79</ymin>
            <xmax>619</xmax>
            <ymax>303</ymax>
        </bndbox>
    </object>
</annotation>