<annotation>
    <folder></folder>
    <filename>000000024899.jpg</filename>
    <path>C:\Users\deoli\Desktop\COCO_export\data\000000024899.jpg</path>
    <source>
        <database></database>
    </source>
    <size>
        <width>640</width>
        <height>425</height>
        <depth></depth>
    </size>
    <segmented></segmented>
    <object>
        <name>train</name>
        <supercategory>vehicle</supercategory>
        <iscrowd>0</iscrowd>
        <bndbox>
            <xmin>99</xmin>
            <ymin>76</ymin>
            <xmax>480</xmax>
            <ymax>293</ymax>
        </bndbox>
    </object>
</annotation>