<annotation>
    <folder></folder>
    <filename>000000041630.jpg</filename>
    <path>C:\Users\deoli\Desktop\COCO_export\data\000000041630.jpg</path>
    <source>
        <database></database>
    </source>
    <size>
        <width>640</width>
        <height>424</height>
        <depth></depth>
    </size>
    <segmented></segmented>
    <object>
        <name>bird</name>
        <supercategory>animal</supercategory>
        <iscrowd>0</iscrowd>
        <bndbox>
            <xmin>180</xmin>
            <ymin>210</ymin>
            <xmax>421</xmax>
            <ymax>312</ymax>
        </bndbox>
    </object>
</annotation>