<annotation>
    <folder></folder>
    <filename>000000051783.jpg</filename>
    <path>C:\Users\deoli\Desktop\COCO_export\data\000000051783.jpg</path>
    <source>
        <database></database>
    </source>
    <size>
        <width>640</width>
        <height>427</height>
        <depth></depth>
    </size>
    <segmented></segmented>
    <object>
        <name>bird</name>
        <supercategory>animal</supercategory>
        <iscrowd>0</iscrowd>
        <bndbox>
            <xmin>123</xmin>
            <ymin>111</ymin>
            <xmax>439</xmax>
            <ymax>368</ymax>
        </bndbox>
    </object>
</annotation>