<annotation>
    <folder></folder>
    <filename>000000026719.jpg</filename>
    <path>C:\Users\deoli\Desktop\COCO_export\data\000000026719.jpg</path>
    <source>
        <database></database>
    </source>
    <size>
        <width>480</width>
        <height>640</height>
        <depth></depth>
    </size>
    <segmented></segmented>
    <object>
        <name>cow</name>
        <supercategory>animal</supercategory>
        <iscrowd>0</iscrowd>
        <bndbox>
            <xmin>2</xmin>
            <ymin>206</ymin>
            <xmax>328</xmax>
            <ymax>589</ymax>
        </bndbox>
    </object>
</annotation>