<annotation>
    <folder></folder>
    <filename>000000001029.jpg</filename>
    <path>C:\Users\deoli\Desktop\COCO_export\data\000000001029.jpg</path>
    <source>
        <database></database>
    </source>
    <size>
        <width>443</width>
        <height>640</height>
        <depth></depth>
    </size>
    <segmented></segmented>
    <object>
        <name>airplane</name>
        <supercategory>vehicle</supercategory>
        <iscrowd>0</iscrowd>
        <bndbox>
            <xmin>133</xmin>
            <ymin>306</ymin>
            <xmax>327</xmax>
            <ymax>370</ymax>
        </bndbox>
    </object>
</annotation>