<annotation>
    <folder></folder>
    <filename>000000048738.jpg</filename>
    <path>C:\Users\deoli\Desktop\COCO_export\data\000000048738.jpg</path>
    <source>
        <database></database>
    </source>
    <size>
        <width>640</width>
        <height>427</height>
        <depth></depth>
    </size>
    <segmented></segmented>
    <object>
        <name>sheep</name>
        <supercategory>animal</supercategory>
        <iscrowd>0</iscrowd>
        <bndbox>
            <xmin>176</xmin>
            <ymin>71</ymin>
            <xmax>640</xmax>
            <ymax>412</ymax>
        </bndbox>
    </object>
</annotation>