<annotation>
    <folder></folder>
    <filename>000000012455.jpg</filename>
    <path>C:\Users\deoli\Desktop\COCO_export\data\000000012455.jpg</path>
    <source>
        <database></database>
    </source>
    <size>
        <width>640</width>
        <height>385</height>
        <depth></depth>
    </size>
    <segmented></segmented>
    <object>
        <name>person</name>
        <supercategory>person</supercategory>
        <iscrowd>0</iscrowd>
        <bndbox>
            <xmin>73</xmin>
            <ymin>258</ymin>
            <xmax>88</xmax>
            <ymax>278</ymax>
        </bndbox>
    </object>
</annotation>