<annotation>
    <folder></folder>
    <filename>000000005706.jpg</filename>
    <path>C:\Users\deoli\Desktop\COCO_export\data\000000005706.jpg</path>
    <source>
        <database></database>
    </source>
    <size>
        <width>640</width>
        <height>346</height>
        <depth></depth>
    </size>
    <segmented></segmented>
    <object>
        <name>bird</name>
        <supercategory>animal</supercategory>
        <iscrowd>0</iscrowd>
        <bndbox>
            <xmin>290</xmin>
            <ymin>158</ymin>
            <xmax>444</xmax>
            <ymax>252</ymax>
        </bndbox>
    </object>
</annotation>