<annotation>
    <folder></folder>
    <filename>000000021257.jpg</filename>
    <path>C:\Users\deoli\Desktop\COCO_export\data\000000021257.jpg</path>
    <source>
        <database></database>
    </source>
    <size>
        <width>640</width>
        <height>477</height>
        <depth></depth>
    </size>
    <segmented></segmented>
    <object>
        <name>train</name>
        <supercategory>vehicle</supercategory>
        <iscrowd>0</iscrowd>
        <bndbox>
            <xmin>60</xmin>
            <ymin>22</ymin>
            <xmax>638</xmax>
            <ymax>456</ymax>
        </bndbox>
    </object>
</annotation>