<annotation>
    <folder></folder>
    <filename>000000039272.jpg</filename>
    <path>C:\Users\deoli\Desktop\COCO_export\data\000000039272.jpg</path>
    <source>
        <database></database>
    </source>
    <size>
        <width>640</width>
        <height>439</height>
        <depth></depth>
    </size>
    <segmented></segmented>
    <object>
        <name>airplane</name>
        <supercategory>vehicle</supercategory>
        <iscrowd>0</iscrowd>
        <bndbox>
            <xmin>131</xmin>
            <ymin>134</ymin>
            <xmax>514</xmax>
            <ymax>238</ymax>
        </bndbox>
    </object>
</annotation>