<annotation>
    <folder></folder>
    <filename>000000053840.jpg</filename>
    <path>C:\Users\deoli\Desktop\COCO_export\data\000000053840.jpg</path>
    <source>
        <database></database>
    </source>
    <size>
        <width>640</width>
        <height>427</height>
        <depth></depth>
    </size>
    <segmented></segmented>
    <object>
        <name>boat</name>
        <supercategory>vehicle</supercategory>
        <iscrowd>0</iscrowd>
        <bndbox>
            <xmin>182</xmin>
            <ymin>276</ymin>
            <xmax>545</xmax>
            <ymax>384</ymax>
        </bndbox>
    </object>
</annotation>