<annotation>
    <folder></folder>
    <filename>000000005903.jpg</filename>
    <path>C:\Users\deoli\Desktop\COCO_export\data\000000005903.jpg</path>
    <source>
        <database></database>
    </source>
    <size>
        <width>640</width>
        <height>425</height>
        <depth></depth>
    </size>
    <segmented></segmented>
    <object>
        <name>horse</name>
        <supercategory>animal</supercategory>
        <iscrowd>0</iscrowd>
        <bndbox>
            <xmin>25</xmin>
            <ymin>71</ymin>
            <xmax>290</xmax>
            <ymax>425</ymax>
        </bndbox>
    </object>
</annotation>