<annotation>
    <folder></folder>
    <filename>000000033659.jpg</filename>
    <path>C:\Users\deoli\Desktop\COCO_export\data\000000033659.jpg</path>
    <source>
        <database></database>
    </source>
    <size>
        <width>640</width>
        <height>426</height>
        <depth></depth>
    </size>
    <segmented></segmented>
    <object>
        <name>airplane</name>
        <supercategory>vehicle</supercategory>
        <iscrowd>0</iscrowd>
        <bndbox>
            <xmin>86</xmin>
            <ymin>168</ymin>
            <xmax>489</xmax>
            <ymax>288</ymax>
        </bndbox>
    </object>
</annotation>