<annotation>
    <folder></folder>
    <filename>000000015823.jpg</filename>
    <path>C:\Users\deoli\Desktop\COCO_export\data\000000015823.jpg</path>
    <source>
        <database></database>
    </source>
    <size>
        <width>500</width>
        <height>375</height>
        <depth></depth>
    </size>
    <segmented></segmented>
    <object>
        <name>cow</name>
        <supercategory>animal</supercategory>
        <iscrowd>0</iscrowd>
        <bndbox>
            <xmin>151</xmin>
            <ymin>137</ymin>
            <xmax>291</xmax>
            <ymax>328</ymax>
        </bndbox>
    </object>
</annotation>