<annotation>
    <folder></folder>
    <filename>000000051106.jpg</filename>
    <path>C:\Users\deoli\Desktop\COCO_export\data\000000051106.jpg</path>
    <source>
        <database></database>
    </source>
    <size>
        <width>500</width>
        <height>300</height>
        <depth></depth>
    </size>
    <segmented></segmented>
    <object>
        <name>train</name>
        <supercategory>vehicle</supercategory>
        <iscrowd>0</iscrowd>
        <bndbox>
            <xmin>0</xmin>
            <ymin>53</ymin>
            <xmax>440</xmax>
            <ymax>229</ymax>
        </bndbox>
    </object>
</annotation>