<annotation>
    <folder></folder>
    <filename>000000008152.jpg</filename>
    <path>C:\Users\deoli\Desktop\COCO_export\data\000000008152.jpg</path>
    <source>
        <database></database>
    </source>
    <size>
        <width>612</width>
        <height>612</height>
        <depth></depth>
    </size>
    <segmented></segmented>
    <object>
        <name>sheep</name>
        <supercategory>animal</supercategory>
        <iscrowd>0</iscrowd>
        <bndbox>
            <xmin>188</xmin>
            <ymin>62</ymin>
            <xmax>598</xmax>
            <ymax>423</ymax>
        </bndbox>
    </object>
</annotation>