<annotation>
    <folder></folder>
    <filename>000000048196.jpg</filename>
    <path>C:\Users\deoli\Desktop\COCO_export\data\000000048196.jpg</path>
    <source>
        <database></database>
    </source>
    <size>
        <width>640</width>
        <height>462</height>
        <depth></depth>
    </size>
    <segmented></segmented>
    <object>
        <name>bus</name>
        <supercategory>vehicle</supercategory>
        <iscrowd>0</iscrowd>
        <bndbox>
            <xmin>10</xmin>
            <ymin>117</ymin>
            <xmax>640</xmax>
            <ymax>429</ymax>
        </bndbox>
    </object>
</annotation>