<annotation>
    <folder></folder>
    <filename>000000025360.jpg</filename>
    <path>C:\Users\deoli\Desktop\COCO_export\data\000000025360.jpg</path>
    <source>
        <database></database>
    </source>
    <size>
        <width>640</width>
        <height>524</height>
        <depth></depth>
    </size>
    <segmented></segmented>
    <object>
        <name>bird</name>
        <supercategory>animal</supercategory>
        <iscrowd>0</iscrowd>
        <bndbox>
            <xmin>14</xmin>
            <ymin>42</ymin>
            <xmax>611</xmax>
            <ymax>340</ymax>
        </bndbox>
    </object>
</annotation>