<annotation>
    <folder></folder>
    <filename>000000023035.jpg</filename>
    <path>C:\Users\deoli\Desktop\COCO_export\data\000000023035.jpg</path>
    <source>
        <database></database>
    </source>
    <size>
        <width>640</width>
        <height>480</height>
        <depth></depth>
    </size>
    <segmented></segmented>
    <object>
        <name>boat</name>
        <supercategory>vehicle</supercategory>
        <iscrowd>0</iscrowd>
        <bndbox>
            <xmin>143</xmin>
            <ymin>199</ymin>
            <xmax>543</xmax>
            <ymax>312</ymax>
        </bndbox>
    </object>
</annotation>