<annotation>
    <folder></folder>
    <filename>000000016408.jpg</filename>
    <path>C:\Users\deoli\Desktop\COCO_export\data\000000016408.jpg</path>
    <source>
        <database></database>
    </source>
    <size>
        <width>500</width>
        <height>333</height>
        <depth></depth>
    </size>
    <segmented></segmented>
    <object>
        <name>bird</name>
        <supercategory>animal</supercategory>
        <iscrowd>0</iscrowd>
        <bndbox>
            <xmin>218</xmin>
            <ymin>140</ymin>
            <xmax>376</xmax>
            <ymax>274</ymax>
        </bndbox>
    </object>
</annotation>