<annotation>
    <folder></folder>
    <filename>000000046877.jpg</filename>
    <path>C:\Users\deoli\Desktop\COCO_export\data\000000046877.jpg</path>
    <source>
        <database></database>
    </source>
    <size>
        <width>640</width>
        <height>480</height>
        <depth></depth>
    </size>
    <segmented></segmented>
    <object>
        <name>cat</name>
        <supercategory>animal</supercategory>
        <iscrowd>0</iscrowd>
        <bndbox>
            <xmin>115</xmin>
            <ymin>195</ymin>
            <xmax>412</xmax>
            <ymax>455</ymax>
        </bndbox>
    </object>
</annotation>