<annotation>
    <folder></folder>
    <filename>000000039998.jpg</filename>
    <path>C:\Users\deoli\Desktop\COCO_export\data\000000039998.jpg</path>
    <source>
        <database></database>
    </source>
    <size>
        <width>640</width>
        <height>389</height>
        <depth></depth>
    </size>
    <segmented></segmented>
    <object>
        <name>train</name>
        <supercategory>vehicle</supercategory>
        <iscrowd>0</iscrowd>
        <bndbox>
            <xmin>140</xmin>
            <ymin>102</ymin>
            <xmax>241</xmax>
            <ymax>179</ymax>
        </bndbox>
    </object>
</annotation>