<annotation>
    <folder></folder>
    <filename>000000044700.jpg</filename>
    <path>C:\Users\deoli\Desktop\COCO_export\data\000000044700.jpg</path>
    <source>
        <database></database>
    </source>
    <size>
        <width>640</width>
        <height>480</height>
        <depth></depth>
    </size>
    <segmented></segmented>
    <object>
        <name>person</name>
        <supercategory>person</supercategory>
        <iscrowd>0</iscrowd>
        <bndbox>
            <xmin>26</xmin>
            <ymin>23</ymin>
            <xmax>325</xmax>
            <ymax>471</ymax>
        </bndbox>
    </object>
</annotation>