<annotation>
    <folder></folder>
    <filename>000000027390.jpg</filename>
    <path>C:\Users\deoli\Desktop\COCO_export\data\000000027390.jpg</path>
    <source>
        <database></database>
    </source>
    <size>
        <width>640</width>
        <height>640</height>
        <depth></depth>
    </size>
    <segmented></segmented>
    <object>
        <name>airplane</name>
        <supercategory>vehicle</supercategory>
        <iscrowd>0</iscrowd>
        <bndbox>
            <xmin>0</xmin>
            <ymin>1</ymin>
            <xmax>629</xmax>
            <ymax>620</ymax>
        </bndbox>
    </object>
</annotation>