<annotation>
    <folder></folder>
    <filename>000000042620.jpg</filename>
    <path>C:\Users\deoli\Desktop\COCO_export\data\000000042620.jpg</path>
    <source>
        <database></database>
    </source>
    <size>
        <width>426</width>
        <height>640</height>
        <depth></depth>
    </size>
    <segmented></segmented>
    <object>
        <name>person</name>
        <supercategory>person</supercategory>
        <iscrowd>0</iscrowd>
        <bndbox>
            <xmin>52</xmin>
            <ymin>53</ymin>
            <xmax>294</xmax>
            <ymax>457</ymax>
        </bndbox>
    </object>
</annotation>