<annotation>
    <folder></folder>
    <filename>000000008471.jpg</filename>
    <path>C:\Users\deoli\Desktop\COCO_export\data\000000008471.jpg</path>
    <source>
        <database></database>
    </source>
    <size>
        <width>640</width>
        <height>425</height>
        <depth></depth>
    </size>
    <segmented></segmented>
    <object>
        <name>airplane</name>
        <supercategory>vehicle</supercategory>
        <iscrowd>0</iscrowd>
        <bndbox>
            <xmin>6</xmin>
            <ymin>106</ymin>
            <xmax>634</xmax>
            <ymax>268</ymax>
        </bndbox>
    </object>
</annotation>