<annotation>
    <folder></folder>
    <filename>000000052286.jpg</filename>
    <path>C:\Users\deoli\Desktop\COCO_export\data\000000052286.jpg</path>
    <source>
        <database></database>
    </source>
    <size>
        <width>640</width>
        <height>354</height>
        <depth></depth>
    </size>
    <segmented></segmented>
    <object>
        <name>cat</name>
        <supercategory>animal</supercategory>
        <iscrowd>0</iscrowd>
        <bndbox>
            <xmin>88</xmin>
            <ymin>36</ymin>
            <xmax>559</xmax>
            <ymax>159</ymax>
        </bndbox>
    </object>
</annotation>