<annotation>
    <folder></folder>
    <filename>000000026803.jpg</filename>
    <path>C:\Users\deoli\Desktop\COCO_export\data\000000026803.jpg</path>
    <source>
        <database></database>
    </source>
    <size>
        <width>464</width>
        <height>640</height>
        <depth></depth>
    </size>
    <segmented></segmented>
    <object>
        <name>cat</name>
        <supercategory>animal</supercategory>
        <iscrowd>0</iscrowd>
        <bndbox>
            <xmin>72</xmin>
            <ymin>138</ymin>
            <xmax>345</xmax>
            <ymax>597</ymax>
        </bndbox>
    </object>
</annotation>