<annotation>
    <folder></folder>
    <filename>000000051041.jpg</filename>
    <path>C:\Users\deoli\Desktop\COCO_export\data\000000051041.jpg</path>
    <source>
        <database></database>
    </source>
    <size>
        <width>640</width>
        <height>426</height>
        <depth></depth>
    </size>
    <segmented></segmented>
    <object>
        <name>airplane</name>
        <supercategory>vehicle</supercategory>
        <iscrowd>0</iscrowd>
        <bndbox>
            <xmin>117</xmin>
            <ymin>231</ymin>
            <xmax>179</xmax>
            <ymax>264</ymax>
        </bndbox>
    </object>
</annotation>