<annotation>
    <folder></folder>
    <filename>000000011508.jpg</filename>
    <path>C:\Users\deoli\Desktop\COCO_export\data\000000011508.jpg</path>
    <source>
        <database></database>
    </source>
    <size>
        <width>432</width>
        <height>500</height>
        <depth></depth>
    </size>
    <segmented></segmented>
    <object>
        <name>cat</name>
        <supercategory>animal</supercategory>
        <iscrowd>0</iscrowd>
        <bndbox>
            <xmin>103</xmin>
            <ymin>95</ymin>
            <xmax>250</xmax>
            <ymax>224</ymax>
        </bndbox>
    </object>
</annotation>