<annotation>
    <folder></folder>
    <filename>000000000575.jpg</filename>
    <path>C:\Users\deoli\Desktop\COCO_export\data\000000000575.jpg</path>
    <source>
        <database></database>
    </source>
    <size>
        <width>640</width>
        <height>513</height>
        <depth></depth>
    </size>
    <segmented></segmented>
    <object>
        <name>cat</name>
        <supercategory>animal</supercategory>
        <iscrowd>0</iscrowd>
        <bndbox>
            <xmin>4</xmin>
            <ymin>39</ymin>
            <xmax>358</xmax>
            <ymax>394</ymax>
        </bndbox>
    </object>
</annotation>