<annotation>
    <folder></folder>
    <filename>000000053755.jpg</filename>
    <path>C:\Users\deoli\Desktop\COCO_export\data\000000053755.jpg</path>
    <source>
        <database></database>
    </source>
    <size>
        <width>640</width>
        <height>500</height>
        <depth></depth>
    </size>
    <segmented></segmented>
    <object>
        <name>bird</name>
        <supercategory>animal</supercategory>
        <iscrowd>0</iscrowd>
        <bndbox>
            <xmin>60</xmin>
            <ymin>9</ymin>
            <xmax>620</xmax>
            <ymax>443</ymax>
        </bndbox>
    </object>
</annotation>