<annotation>
    <folder></folder>
    <filename>000000023107.jpg</filename>
    <path>C:\Users\deoli\Desktop\COCO_export\data\000000023107.jpg</path>
    <source>
        <database></database>
    </source>
    <size>
        <width>640</width>
        <height>480</height>
        <depth></depth>
    </size>
    <segmented></segmented>
    <object>
        <name>bus</name>
        <supercategory>vehicle</supercategory>
        <iscrowd>0</iscrowd>
        <bndbox>
            <xmin>73</xmin>
            <ymin>21</ymin>
            <xmax>638</xmax>
            <ymax>453</ymax>
        </bndbox>
    </object>
</annotation>