<annotation>
    <folder></folder>
    <filename>000000054893.jpg</filename>
    <path>C:\Users\deoli\Desktop\COCO_export\data\000000054893.jpg</path>
    <source>
        <database></database>
    </source>
    <size>
        <width>500</width>
        <height>333</height>
        <depth></depth>
    </size>
    <segmented></segmented>
    <object>
        <name>bird</name>
        <supercategory>animal</supercategory>
        <iscrowd>0</iscrowd>
        <bndbox>
            <xmin>119</xmin>
            <ymin>62</ymin>
            <xmax>459</xmax>
            <ymax>293</ymax>
        </bndbox>
    </object>
</annotation>