<annotation>
    <folder></folder>
    <filename>000000036004.jpg</filename>
    <path>C:\Users\deoli\Desktop\COCO_export\data\000000036004.jpg</path>
    <source>
        <database></database>
    </source>
    <size>
        <width>500</width>
        <height>367</height>
        <depth></depth>
    </size>
    <segmented></segmented>
    <object>
        <name>bird</name>
        <supercategory>animal</supercategory>
        <iscrowd>0</iscrowd>
        <bndbox>
            <xmin>65</xmin>
            <ymin>116</ymin>
            <xmax>357</xmax>
            <ymax>264</ymax>
        </bndbox>
    </object>
</annotation>