<annotation>
    <folder></folder>
    <filename>000000010954.jpg</filename>
    <path>C:\Users\deoli\Desktop\COCO_export\data\000000010954.jpg</path>
    <source>
        <database></database>
    </source>
    <size>
        <width>500</width>
        <height>375</height>
        <depth></depth>
    </size>
    <segmented></segmented>
    <object>
        <name>motorcycle</name>
        <supercategory>vehicle</supercategory>
        <iscrowd>0</iscrowd>
        <bndbox>
            <xmin>20</xmin>
            <ymin>200</ymin>
            <xmax>189</xmax>
            <ymax>326</ymax>
        </bndbox>
    </object>
</annotation>