<annotation>
    <folder></folder>
    <filename>000000056545.jpg</filename>
    <path>C:\Users\deoli\Desktop\COCO_export\data\000000056545.jpg</path>
    <source>
        <database></database>
    </source>
    <size>
        <width>505</width>
        <height>640</height>
        <depth></depth>
    </size>
    <segmented></segmented>
    <object>
        <name>bird</name>
        <supercategory>animal</supercategory>
        <iscrowd>0</iscrowd>
        <bndbox>
            <xmin>131</xmin>
            <ymin>31</ymin>
            <xmax>367</xmax>
            <ymax>629</ymax>
        </bndbox>
    </object>
</annotation>