<annotation>
    <folder></folder>
    <filename>000000013158.jpg</filename>
    <path>C:\Users\deoli\Desktop\COCO_export\data\000000013158.jpg</path>
    <source>
        <database></database>
    </source>
    <size>
        <width>480</width>
        <height>229</height>
        <depth></depth>
    </size>
    <segmented></segmented>
    <object>
        <name>cat</name>
        <supercategory>animal</supercategory>
        <iscrowd>0</iscrowd>
        <bndbox>
            <xmin>20</xmin>
            <ymin>15</ymin>
            <xmax>463</xmax>
            <ymax>215</ymax>
        </bndbox>
    </object>
</annotation>