<annotation>
    <folder></folder>
    <filename>000000006266.jpg</filename>
    <path>C:\Users\deoli\Desktop\COCO_export\data\000000006266.jpg</path>
    <source>
        <database></database>
    </source>
    <size>
        <width>480</width>
        <height>640</height>
        <depth></depth>
    </size>
    <segmented></segmented>
    <object>
        <name>cow</name>
        <supercategory>animal</supercategory>
        <iscrowd>0</iscrowd>
        <bndbox>
            <xmin>1</xmin>
            <ymin>88</ymin>
            <xmax>437</xmax>
            <ymax>640</ymax>
        </bndbox>
    </object>
</annotation>