<annotation>
    <folder></folder>
    <filename>000000029853.jpg</filename>
    <path>C:\Users\deoli\Desktop\COCO_export\data\000000029853.jpg</path>
    <source>
        <database></database>
    </source>
    <size>
        <width>640</width>
        <height>512</height>
        <depth></depth>
    </size>
    <segmented></segmented>
    <object>
        <name>bird</name>
        <supercategory>animal</supercategory>
        <iscrowd>0</iscrowd>
        <bndbox>
            <xmin>164</xmin>
            <ymin>130</ymin>
            <xmax>464</xmax>
            <ymax>479</ymax>
        </bndbox>
    </object>
</annotation>