<annotation>
    <folder></folder>
    <filename>000000018058.jpg</filename>
    <path>C:\Users\deoli\Desktop\COCO_export\data\000000018058.jpg</path>
    <source>
        <database></database>
    </source>
    <size>
        <width>375</width>
        <height>500</height>
        <depth></depth>
    </size>
    <segmented></segmented>
    <object>
        <name>person</name>
        <supercategory>person</supercategory>
        <iscrowd>0</iscrowd>
        <bndbox>
            <xmin>82</xmin>
            <ymin>490</ymin>
            <xmax>95</xmax>
            <ymax>499</ymax>
        </bndbox>
    </object>
</annotation>