<annotation>
    <folder></folder>
    <filename>000000000629.jpg</filename>
    <path>C:\Users\deoli\Desktop\COCO_export\data\000000000629.jpg</path>
    <source>
        <database></database>
    </source>
    <size>
        <width>640</width>
        <height>427</height>
        <depth></depth>
    </size>
    <segmented></segmented>
    <object>
        <name>motorcycle</name>
        <supercategory>vehicle</supercategory>
        <iscrowd>0</iscrowd>
        <bndbox>
            <xmin>320</xmin>
            <ymin>257</ymin>
            <xmax>567</xmax>
            <ymax>414</ymax>
        </bndbox>
    </object>
</annotation>