<annotation>
    <folder></folder>
    <filename>000000014526.jpg</filename>
    <path>C:\Users\deoli\Desktop\COCO_export\data\000000014526.jpg</path>
    <source>
        <database></database>
    </source>
    <size>
        <width>431</width>
        <height>640</height>
        <depth></depth>
    </size>
    <segmented></segmented>
    <object>
        <name>train</name>
        <supercategory>vehicle</supercategory>
        <iscrowd>0</iscrowd>
        <bndbox>
            <xmin>2</xmin>
            <ymin>62</ymin>
            <xmax>409</xmax>
            <ymax>585</ymax>
        </bndbox>
    </object>
</annotation>