<annotation>
    <folder></folder>
    <filename>000000011081.jpg</filename>
    <path>C:\Users\deoli\Desktop\COCO_export\data\000000011081.jpg</path>
    <source>
        <database></database>
    </source>
    <size>
        <width>640</width>
        <height>427</height>
        <depth></depth>
    </size>
    <segmented></segmented>
    <object>
        <name>airplane</name>
        <supercategory>vehicle</supercategory>
        <iscrowd>0</iscrowd>
        <bndbox>
            <xmin>274</xmin>
            <ymin>155</ymin>
            <xmax>341</xmax>
            <ymax>256</ymax>
        </bndbox>
    </object>
</annotation>