<annotation>
    <folder></folder>
    <filename>000000043439.jpg</filename>
    <path>C:\Users\deoli\Desktop\COCO_export\data\000000043439.jpg</path>
    <source>
        <database></database>
    </source>
    <size>
        <width>640</width>
        <height>452</height>
        <depth></depth>
    </size>
    <segmented></segmented>
    <object>
        <name>bird</name>
        <supercategory>animal</supercategory>
        <iscrowd>0</iscrowd>
        <bndbox>
            <xmin>67</xmin>
            <ymin>61</ymin>
            <xmax>329</xmax>
            <ymax>359</ymax>
        </bndbox>
    </object>
</annotation>