<annotation>
    <folder></folder>
    <filename>000000056725.jpg</filename>
    <path>C:\Users\deoli\Desktop\COCO_export\data\000000056725.jpg</path>
    <source>
        <database></database>
    </source>
    <size>
        <width>500</width>
        <height>375</height>
        <depth></depth>
    </size>
    <segmented></segmented>
    <object>
        <name>cow</name>
        <supercategory>animal</supercategory>
        <iscrowd>0</iscrowd>
        <bndbox>
            <xmin>230</xmin>
            <ymin>235</ymin>
            <xmax>423</xmax>
            <ymax>350</ymax>
        </bndbox>
    </object>
</annotation>