<annotation>
    <folder></folder>
    <filename>000000014728.jpg</filename>
    <path>C:\Users\deoli\Desktop\COCO_export\data\000000014728.jpg</path>
    <source>
        <database></database>
    </source>
    <size>
        <width>640</width>
        <height>457</height>
        <depth></depth>
    </size>
    <segmented></segmented>
    <object>
        <name>bird</name>
        <supercategory>animal</supercategory>
        <iscrowd>0</iscrowd>
        <bndbox>
            <xmin>379</xmin>
            <ymin>134</ymin>
            <xmax>523</xmax>
            <ymax>232</ymax>
        </bndbox>
    </object>
</annotation>