<annotation>
    <folder></folder>
    <filename>000000043776.jpg</filename>
    <path>C:\Users\deoli\Desktop\COCO_export\data\000000043776.jpg</path>
    <source>
        <database></database>
    </source>
    <size>
        <width>640</width>
        <height>457</height>
        <depth></depth>
    </size>
    <segmented></segmented>
    <object>
        <name>train</name>
        <supercategory>vehicle</supercategory>
        <iscrowd>0</iscrowd>
        <bndbox>
            <xmin>30</xmin>
            <ymin>165</ymin>
            <xmax>593</xmax>
            <ymax>306</ymax>
        </bndbox>
    </object>
</annotation>