<annotation>
    <folder></folder>
    <filename>000000042010.jpg</filename>
    <path>C:\Users\deoli\Desktop\COCO_export\data\000000042010.jpg</path>
    <source>
        <database></database>
    </source>
    <size>
        <width>512</width>
        <height>640</height>
        <depth></depth>
    </size>
    <segmented></segmented>
    <object>
        <name>bird</name>
        <supercategory>animal</supercategory>
        <iscrowd>0</iscrowd>
        <bndbox>
            <xmin>1</xmin>
            <ymin>2</ymin>
            <xmax>511</xmax>
            <ymax>603</ymax>
        </bndbox>
    </object>
</annotation>