<annotation>
    <folder></folder>
    <filename>000000014619.jpg</filename>
    <path>C:\Users\deoli\Desktop\COCO_export\data\000000014619.jpg</path>
    <source>
        <database></database>
    </source>
    <size>
        <width>640</width>
        <height>512</height>
        <depth></depth>
    </size>
    <segmented></segmented>
    <object>
        <name>train</name>
        <supercategory>vehicle</supercategory>
        <iscrowd>0</iscrowd>
        <bndbox>
            <xmin>97</xmin>
            <ymin>278</ymin>
            <xmax>610</xmax>
            <ymax>506</ymax>
        </bndbox>
    </object>
</annotation>