<annotation>
    <folder></folder>
    <filename>000000039670.jpg</filename>
    <path>C:\Users\deoli\Desktop\COCO_export\data\000000039670.jpg</path>
    <source>
        <database></database>
    </source>
    <size>
        <width>640</width>
        <height>640</height>
        <depth></depth>
    </size>
    <segmented></segmented>
    <object>
        <name>train</name>
        <supercategory>vehicle</supercategory>
        <iscrowd>0</iscrowd>
        <bndbox>
            <xmin>48</xmin>
            <ymin>101</ymin>
            <xmax>572</xmax>
            <ymax>452</ymax>
        </bndbox>
    </object>
</annotation>