<annotation>
    <folder></folder>
    <filename>000000021693.jpg</filename>
    <path>C:\Users\deoli\Desktop\COCO_export\data\000000021693.jpg</path>
    <source>
        <database></database>
    </source>
    <size>
        <width>500</width>
        <height>375</height>
        <depth></depth>
    </size>
    <segmented></segmented>
    <object>
        <name>train</name>
        <supercategory>vehicle</supercategory>
        <iscrowd>0</iscrowd>
        <bndbox>
            <xmin>2</xmin>
            <ymin>188</ymin>
            <xmax>162</xmax>
            <ymax>201</ymax>
        </bndbox>
    </object>
</annotation>