<annotation>
    <folder></folder>
    <filename>000000038030.jpg</filename>
    <path>C:\Users\deoli\Desktop\COCO_export\data\000000038030.jpg</path>
    <source>
        <database></database>
    </source>
    <size>
        <width>640</width>
        <height>427</height>
        <depth></depth>
    </size>
    <segmented></segmented>
    <object>
        <name>train</name>
        <supercategory>vehicle</supercategory>
        <iscrowd>0</iscrowd>
        <bndbox>
            <xmin>59</xmin>
            <ymin>186</ymin>
            <xmax>569</xmax>
            <ymax>230</ymax>
        </bndbox>
    </object>
</annotation>