<annotation>
    <folder></folder>
    <filename>000000016502.jpg</filename>
    <path>C:\Users\deoli\Desktop\COCO_export\data\000000016502.jpg</path>
    <source>
        <database></database>
    </source>
    <size>
        <width>375</width>
        <height>500</height>
        <depth></depth>
    </size>
    <segmented></segmented>
    <object>
        <name>sheep</name>
        <supercategory>animal</supercategory>
        <iscrowd>0</iscrowd>
        <bndbox>
            <xmin>75</xmin>
            <ymin>237</ymin>
            <xmax>183</xmax>
            <ymax>314</ymax>
        </bndbox>
    </object>
</annotation>