<annotation>
    <folder></folder>
    <filename>000000042499.jpg</filename>
    <path>C:\Users\deoli\Desktop\COCO_export\data\000000042499.jpg</path>
    <source>
        <database></database>
    </source>
    <size>
        <width>640</width>
        <height>480</height>
        <depth></depth>
    </size>
    <segmented></segmented>
    <object>
        <name>train</name>
        <supercategory>vehicle</supercategory>
        <iscrowd>0</iscrowd>
        <bndbox>
            <xmin>173</xmin>
            <ymin>99</ymin>
            <xmax>501</xmax>
            <ymax>376</ymax>
        </bndbox>
    </object>
</annotation>