<annotation>
    <folder></folder>
    <filename>000000054308.jpg</filename>
    <path>C:\Users\deoli\Desktop\COCO_export\data\000000054308.jpg</path>
    <source>
        <database></database>
    </source>
    <size>
        <width>500</width>
        <height>375</height>
        <depth></depth>
    </size>
    <segmented></segmented>
    <object>
        <name>train</name>
        <supercategory>vehicle</supercategory>
        <iscrowd>0</iscrowd>
        <bndbox>
            <xmin>278</xmin>
            <ymin>329</ymin>
            <xmax>500</xmax>
            <ymax>370</ymax>
        </bndbox>
    </object>
</annotation>