<annotation>
    <folder></folder>
    <filename>000000010720.jpg</filename>
    <path>C:\Users\deoli\Desktop\COCO_export\data\000000010720.jpg</path>
    <source>
        <database></database>
    </source>
    <size>
        <width>500</width>
        <height>375</height>
        <depth></depth>
    </size>
    <segmented></segmented>
    <object>
        <name>horse</name>
        <supercategory>animal</supercategory>
        <iscrowd>0</iscrowd>
        <bndbox>
            <xmin>0</xmin>
            <ymin>22</ymin>
            <xmax>435</xmax>
            <ymax>367</ymax>
        </bndbox>
    </object>
</annotation>