<annotation>
    <folder></folder>
    <filename>000000032811.jpg</filename>
    <path>C:\Users\deoli\Desktop\COCO_export\data\000000032811.jpg</path>
    <source>
        <database></database>
    </source>
    <size>
        <width>375</width>
        <height>500</height>
        <depth></depth>
    </size>
    <segmented></segmented>
    <object>
        <name>bird</name>
        <supercategory>animal</supercategory>
        <iscrowd>0</iscrowd>
        <bndbox>
            <xmin>81</xmin>
            <ymin>352</ymin>
            <xmax>163</xmax>
            <ymax>400</ymax>
        </bndbox>
    </object>
</annotation>