<annotation>
    <folder></folder>
    <filename>000000030080.jpg</filename>
    <path>C:\Users\deoli\Desktop\COCO_export\data\000000030080.jpg</path>
    <source>
        <database></database>
    </source>
    <size>
        <width>640</width>
        <height>389</height>
        <depth></depth>
    </size>
    <segmented></segmented>
    <object>
        <name>airplane</name>
        <supercategory>vehicle</supercategory>
        <iscrowd>0</iscrowd>
        <bndbox>
            <xmin>203</xmin>
            <ymin>158</ymin>
            <xmax>552</xmax>
            <ymax>283</ymax>
        </bndbox>
    </object>
</annotation>