<annotation>
    <folder></folder>
    <filename>000000051685.jpg</filename>
    <path>C:\Users\deoli\Desktop\COCO_export\data\000000051685.jpg</path>
    <source>
        <database></database>
    </source>
    <size>
        <width>640</width>
        <height>425</height>
        <depth></depth>
    </size>
    <segmented></segmented>
    <object>
        <name>airplane</name>
        <supercategory>vehicle</supercategory>
        <iscrowd>0</iscrowd>
        <bndbox>
            <xmin>229</xmin>
            <ymin>202</ymin>
            <xmax>379</xmax>
            <ymax>313</ymax>
        </bndbox>
    </object>
</annotation>