<annotation>
    <folder></folder>
    <filename>000000003365.jpg</filename>
    <path>C:\Users\deoli\Desktop\COCO_export\data\000000003365.jpg</path>
    <source>
        <database></database>
    </source>
    <size>
        <width>640</width>
        <height>427</height>
        <depth></depth>
    </size>
    <segmented></segmented>
    <object>
        <name>person</name>
        <supercategory>person</supercategory>
        <iscrowd>0</iscrowd>
        <bndbox>
            <xmin>346</xmin>
            <ymin>196</ymin>
            <xmax>382</xmax>
            <ymax>248</ymax>
        </bndbox>
    </object>
</annotation>