<annotation>
    <folder></folder>
    <filename>000000014940.jpg</filename>
    <path>C:\Users\deoli\Desktop\COCO_export\data\000000014940.jpg</path>
    <source>
        <database></database>
    </source>
    <size>
        <width>500</width>
        <height>375</height>
        <depth></depth>
    </size>
    <segmented></segmented>
    <object>
        <name>cat</name>
        <supercategory>animal</supercategory>
        <iscrowd>0</iscrowd>
        <bndbox>
            <xmin>95</xmin>
            <ymin>37</ymin>
            <xmax>499</xmax>
            <ymax>374</ymax>
        </bndbox>
    </object>
</annotation>