<annotation>
    <folder></folder>
    <filename>000000014681.jpg</filename>
    <path>C:\Users\deoli\Desktop\COCO_export\data\000000014681.jpg</path>
    <source>
        <database></database>
    </source>
    <size>
        <width>500</width>
        <height>333</height>
        <depth></depth>
    </size>
    <segmented></segmented>
    <object>
        <name>dog</name>
        <supercategory>animal</supercategory>
        <iscrowd>0</iscrowd>
        <bndbox>
            <xmin>101</xmin>
            <ymin>188</ymin>
            <xmax>307</xmax>
            <ymax>281</ymax>
        </bndbox>
    </object>
</annotation>