<annotation>
    <folder></folder>
    <filename>000000029341.jpg</filename>
    <path>C:\Users\deoli\Desktop\COCO_export\data\000000029341.jpg</path>
    <source>
        <database></database>
    </source>
    <size>
        <width>640</width>
        <height>427</height>
        <depth></depth>
    </size>
    <segmented></segmented>
    <object>
        <name>cow</name>
        <supercategory>animal</supercategory>
        <iscrowd>0</iscrowd>
        <bndbox>
            <xmin>70</xmin>
            <ymin>117</ymin>
            <xmax>461</xmax>
            <ymax>387</ymax>
        </bndbox>
    </object>
</annotation>