<annotation>
    <folder></folder>
    <filename>000000005213.jpg</filename>
    <path>C:\Users\deoli\Desktop\COCO_export\data\000000005213.jpg</path>
    <source>
        <database></database>
    </source>
    <size>
        <width>500</width>
        <height>375</height>
        <depth></depth>
    </size>
    <segmented></segmented>
    <object>
        <name>motorcycle</name>
        <supercategory>vehicle</supercategory>
        <iscrowd>0</iscrowd>
        <bndbox>
            <xmin>37</xmin>
            <ymin>211</ymin>
            <xmax>195</xmax>
            <ymax>370</ymax>
        </bndbox>
    </object>
</annotation>