<annotation>
    <folder></folder>
    <filename>000000036397.jpg</filename>
    <path>C:\Users\deoli\Desktop\COCO_export\data\000000036397.jpg</path>
    <source>
        <database></database>
    </source>
    <size>
        <width>500</width>
        <height>250</height>
        <depth></depth>
    </size>
    <segmented></segmented>
    <object>
        <name>horse</name>
        <supercategory>animal</supercategory>
        <iscrowd>0</iscrowd>
        <bndbox>
            <xmin>261</xmin>
            <ymin>15</ymin>
            <xmax>494</xmax>
            <ymax>135</ymax>
        </bndbox>
    </object>
</annotation>