<annotation>
    <folder></folder>
    <filename>000000038152.jpg</filename>
    <path>C:\Users\deoli\Desktop\COCO_export\data\000000038152.jpg</path>
    <source>
        <database></database>
    </source>
    <size>
        <width>640</width>
        <height>355</height>
        <depth></depth>
    </size>
    <segmented></segmented>
    <object>
        <name>train</name>
        <supercategory>vehicle</supercategory>
        <iscrowd>0</iscrowd>
        <bndbox>
            <xmin>203</xmin>
            <ymin>142</ymin>
            <xmax>512</xmax>
            <ymax>233</ymax>
        </bndbox>
    </object>
</annotation>