<annotation>
    <folder></folder>
    <filename>000000031481.jpg</filename>
    <path>C:\Users\deoli\Desktop\COCO_export\data\000000031481.jpg</path>
    <source>
        <database></database>
    </source>
    <size>
        <width>640</width>
        <height>480</height>
        <depth></depth>
    </size>
    <segmented></segmented>
    <object>
        <name>boat</name>
        <supercategory>vehicle</supercategory>
        <iscrowd>0</iscrowd>
        <bndbox>
            <xmin>82</xmin>
            <ymin>93</ymin>
            <xmax>569</xmax>
            <ymax>381</ymax>
        </bndbox>
    </object>
</annotation>