<annotation>
    <folder></folder>
    <filename>000000003982.jpg</filename>
    <path>C:\Users\deoli\Desktop\COCO_export\data\000000003982.jpg</path>
    <source>
        <database></database>
    </source>
    <size>
        <width>640</width>
        <height>426</height>
        <depth></depth>
    </size>
    <segmented></segmented>
    <object>
        <name>bus</name>
        <supercategory>vehicle</supercategory>
        <iscrowd>0</iscrowd>
        <bndbox>
            <xmin>92</xmin>
            <ymin>1</ymin>
            <xmax>638</xmax>
            <ymax>230</ymax>
        </bndbox>
    </object>
</annotation>