<annotation>
    <folder></folder>
    <filename>000000053838.jpg</filename>
    <path>C:\Users\deoli\Desktop\COCO_export\data\000000053838.jpg</path>
    <source>
        <database></database>
    </source>
    <size>
        <width>640</width>
        <height>406</height>
        <depth></depth>
    </size>
    <segmented></segmented>
    <object>
        <name>airplane</name>
        <supercategory>vehicle</supercategory>
        <iscrowd>0</iscrowd>
        <bndbox>
            <xmin>194</xmin>
            <ymin>95</ymin>
            <xmax>603</xmax>
            <ymax>285</ymax>
        </bndbox>
    </object>
</annotation>