<annotation>
    <folder></folder>
    <filename>000000004888.jpg</filename>
    <path>C:\Users\deoli\Desktop\COCO_export\data\000000004888.jpg</path>
    <source>
        <database></database>
    </source>
    <size>
        <width>640</width>
        <height>424</height>
        <depth></depth>
    </size>
    <segmented></segmented>
    <object>
        <name>boat</name>
        <supercategory>vehicle</supercategory>
        <iscrowd>0</iscrowd>
        <bndbox>
            <xmin>129</xmin>
            <ymin>137</ymin>
            <xmax>387</xmax>
            <ymax>279</ymax>
        </bndbox>
    </object>
</annotation>