<annotation>
    <folder></folder>
    <filename>000000013294.jpg</filename>
    <path>C:\Users\deoli\Desktop\COCO_export\data\000000013294.jpg</path>
    <source>
        <database></database>
    </source>
    <size>
        <width>640</width>
        <height>483</height>
        <depth></depth>
    </size>
    <segmented></segmented>
    <object>
        <name>horse</name>
        <supercategory>animal</supercategory>
        <iscrowd>0</iscrowd>
        <bndbox>
            <xmin>67</xmin>
            <ymin>92</ymin>
            <xmax>640</xmax>
            <ymax>404</ymax>
        </bndbox>
    </object>
</annotation>