<annotation>
    <folder></folder>
    <filename>000000007510.jpg</filename>
    <path>C:\Users\deoli\Desktop\COCO_export\data\000000007510.jpg</path>
    <source>
        <database></database>
    </source>
    <size>
        <width>640</width>
        <height>428</height>
        <depth></depth>
    </size>
    <segmented></segmented>
    <object>
        <name>train</name>
        <supercategory>vehicle</supercategory>
        <iscrowd>0</iscrowd>
        <bndbox>
            <xmin>198</xmin>
            <ymin>224</ymin>
            <xmax>386</xmax>
            <ymax>377</ymax>
        </bndbox>
    </object>
</annotation>