<annotation>
    <folder></folder>
    <filename>000000021510.jpg</filename>
    <path>C:\Users\deoli\Desktop\COCO_export\data\000000021510.jpg</path>
    <source>
        <database></database>
    </source>
    <size>
        <width>349</width>
        <height>640</height>
        <depth></depth>
    </size>
    <segmented></segmented>
    <object>
        <name>horse</name>
        <supercategory>animal</supercategory>
        <iscrowd>0</iscrowd>
        <bndbox>
            <xmin>162</xmin>
            <ymin>426</ymin>
            <xmax>330</xmax>
            <ymax>620</ymax>
        </bndbox>
    </object>
</annotation>