<annotation>
    <folder></folder>
    <filename>000000025239.jpg</filename>
    <path>C:\Users\deoli\Desktop\COCO_export\data\000000025239.jpg</path>
    <source>
        <database></database>
    </source>
    <size>
        <width>640</width>
        <height>426</height>
        <depth></depth>
    </size>
    <segmented></segmented>
    <object>
        <name>dog</name>
        <supercategory>animal</supercategory>
        <iscrowd>0</iscrowd>
        <bndbox>
            <xmin>222</xmin>
            <ymin>162</ymin>
            <xmax>434</xmax>
            <ymax>328</ymax>
        </bndbox>
    </object>
</annotation>