<annotation>
    <folder></folder>
    <filename>000000024266.jpg</filename>
    <path>C:\Users\deoli\Desktop\COCO_export\data\000000024266.jpg</path>
    <source>
        <database></database>
    </source>
    <size>
        <width>500</width>
        <height>375</height>
        <depth></depth>
    </size>
    <segmented></segmented>
    <object>
        <name>cat</name>
        <supercategory>animal</supercategory>
        <iscrowd>0</iscrowd>
        <bndbox>
            <xmin>226</xmin>
            <ymin>135</ymin>
            <xmax>290</xmax>
            <ymax>212</ymax>
        </bndbox>
    </object>
</annotation>