<annotation>
    <folder></folder>
    <filename>000000046112.jpg</filename>
    <path>C:\Users\deoli\Desktop\COCO_export\data\000000046112.jpg</path>
    <source>
        <database></database>
    </source>
    <size>
        <width>640</width>
        <height>427</height>
        <depth></depth>
    </size>
    <segmented></segmented>
    <object>
        <name>bus</name>
        <supercategory>vehicle</supercategory>
        <iscrowd>0</iscrowd>
        <bndbox>
            <xmin>63</xmin>
            <ymin>197</ymin>
            <xmax>576</xmax>
            <ymax>370</ymax>
        </bndbox>
    </object>
</annotation>