<annotation>
    <folder></folder>
    <filename>000000045693.jpg</filename>
    <path>C:\Users\deoli\Desktop\COCO_export\data\000000045693.jpg</path>
    <source>
        <database></database>
    </source>
    <size>
        <width>640</width>
        <height>476</height>
        <depth></depth>
    </size>
    <segmented></segmented>
    <object>
        <name>bird</name>
        <supercategory>animal</supercategory>
        <iscrowd>0</iscrowd>
        <bndbox>
            <xmin>88</xmin>
            <ymin>197</ymin>
            <xmax>288</xmax>
            <ymax>438</ymax>
        </bndbox>
    </object>
</annotation>