<annotation>
    <folder></folder>
    <filename>000000023249.jpg</filename>
    <path>C:\Users\deoli\Desktop\COCO_export\data\000000023249.jpg</path>
    <source>
        <database></database>
    </source>
    <size>
        <width>640</width>
        <height>426</height>
        <depth></depth>
    </size>
    <segmented></segmented>
    <object>
        <name>motorcycle</name>
        <supercategory>vehicle</supercategory>
        <iscrowd>0</iscrowd>
        <bndbox>
            <xmin>100</xmin>
            <ymin>205</ymin>
            <xmax>451</xmax>
            <ymax>426</ymax>
        </bndbox>
    </object>
</annotation>