<annotation>
    <folder></folder>
    <filename>000000009178.jpg</filename>
    <path>C:\Users\deoli\Desktop\COCO_export\data\000000009178.jpg</path>
    <source>
        <database></database>
    </source>
    <size>
        <width>500</width>
        <height>287</height>
        <depth></depth>
    </size>
    <segmented></segmented>
    <object>
        <name>train</name>
        <supercategory>vehicle</supercategory>
        <iscrowd>0</iscrowd>
        <bndbox>
            <xmin>0</xmin>
            <ymin>55</ymin>
            <xmax>492</xmax>
            <ymax>268</ymax>
        </bndbox>
    </object>
</annotation>