<annotation>
    <folder></folder>
    <filename>000000049549.jpg</filename>
    <path>C:\Users\deoli\Desktop\COCO_export\data\000000049549.jpg</path>
    <source>
        <database></database>
    </source>
    <size>
        <width>640</width>
        <height>426</height>
        <depth></depth>
    </size>
    <segmented></segmented>
    <object>
        <name>airplane</name>
        <supercategory>vehicle</supercategory>
        <iscrowd>0</iscrowd>
        <bndbox>
            <xmin>77</xmin>
            <ymin>122</ymin>
            <xmax>468</xmax>
            <ymax>246</ymax>
        </bndbox>
    </object>
</annotation>