<annotation>
    <folder></folder>
    <filename>000000011052.jpg</filename>
    <path>C:\Users\deoli\Desktop\COCO_export\data\000000011052.jpg</path>
    <source>
        <database></database>
    </source>
    <size>
        <width>640</width>
        <height>640</height>
        <depth></depth>
    </size>
    <segmented></segmented>
    <object>
        <name>bird</name>
        <supercategory>animal</supercategory>
        <iscrowd>0</iscrowd>
        <bndbox>
            <xmin>122</xmin>
            <ymin>400</ymin>
            <xmax>256</xmax>
            <ymax>475</ymax>
        </bndbox>
    </object>
</annotation>