<annotation>
    <folder></folder>
    <filename>000000001562.jpg</filename>
    <path>C:\Users\deoli\Desktop\COCO_export\data\000000001562.jpg</path>
    <source>
        <database></database>
    </source>
    <size>
        <width>500</width>
        <height>337</height>
        <depth></depth>
    </size>
    <segmented></segmented>
    <object>
        <name>train</name>
        <supercategory>vehicle</supercategory>
        <iscrowd>0</iscrowd>
        <bndbox>
            <xmin>84</xmin>
            <ymin>192</ymin>
            <xmax>284</xmax>
            <ymax>237</ymax>
        </bndbox>
    </object>
</annotation>