<annotation>
    <folder></folder>
    <filename>000000015249.jpg</filename>
    <path>C:\Users\deoli\Desktop\COCO_export\data\000000015249.jpg</path>
    <source>
        <database></database>
    </source>
    <size>
        <width>640</width>
        <height>480</height>
        <depth></depth>
    </size>
    <segmented></segmented>
    <object>
        <name>horse</name>
        <supercategory>animal</supercategory>
        <iscrowd>0</iscrowd>
        <bndbox>
            <xmin>85</xmin>
            <ymin>132</ymin>
            <xmax>519</xmax>
            <ymax>458</ymax>
        </bndbox>
    </object>
</annotation>