<annotation>
    <folder></folder>
    <filename>000000000472.jpg</filename>
    <path>C:\Users\deoli\Desktop\COCO_export\data\000000000472.jpg</path>
    <source>
        <database></database>
    </source>
    <size>
        <width>640</width>
        <height>226</height>
        <depth></depth>
    </size>
    <segmented></segmented>
    <object>
        <name>airplane</name>
        <supercategory>vehicle</supercategory>
        <iscrowd>0</iscrowd>
        <bndbox>
            <xmin>394</xmin>
            <ymin>56</ymin>
            <xmax>482</xmax>
            <ymax>88</ymax>
        </bndbox>
    </object>
</annotation>