<annotation>
    <folder></folder>
    <filename>000000011525.jpg</filename>
    <path>C:\Users\deoli\Desktop\COCO_export\data\000000011525.jpg</path>
    <source>
        <database></database>
    </source>
    <size>
        <width>640</width>
        <height>387</height>
        <depth></depth>
    </size>
    <segmented></segmented>
    <object>
        <name>airplane</name>
        <supercategory>vehicle</supercategory>
        <iscrowd>0</iscrowd>
        <bndbox>
            <xmin>266</xmin>
            <ymin>48</ymin>
            <xmax>573</xmax>
            <ymax>288</ymax>
        </bndbox>
    </object>
</annotation>