<annotation>
    <folder></folder>
    <filename>000000041257.jpg</filename>
    <path>C:\Users\deoli\Desktop\COCO_export\data\000000041257.jpg</path>
    <source>
        <database></database>
    </source>
    <size>
        <width>473</width>
        <height>640</height>
        <depth></depth>
    </size>
    <segmented></segmented>
    <object>
        <name>cat</name>
        <supercategory>animal</supercategory>
        <iscrowd>0</iscrowd>
        <bndbox>
            <xmin>14</xmin>
            <ymin>335</ymin>
            <xmax>451</xmax>
            <ymax>581</ymax>
        </bndbox>
    </object>
</annotation>