<annotation>
    <folder></folder>
    <filename>000000011373.jpg</filename>
    <path>C:\Users\deoli\Desktop\COCO_export\data\000000011373.jpg</path>
    <source>
        <database></database>
    </source>
    <size>
        <width>640</width>
        <height>480</height>
        <depth></depth>
    </size>
    <segmented></segmented>
    <object>
        <name>sheep</name>
        <supercategory>animal</supercategory>
        <iscrowd>0</iscrowd>
        <bndbox>
            <xmin>16</xmin>
            <ymin>49</ymin>
            <xmax>531</xmax>
            <ymax>472</ymax>
        </bndbox>
    </object>
</annotation>