<annotation>
    <folder></folder>
    <filename>000000024790.jpg</filename>
    <path>C:\Users\deoli\Desktop\COCO_export\data\000000024790.jpg</path>
    <source>
        <database></database>
    </source>
    <size>
        <width>640</width>
        <height>427</height>
        <depth></depth>
    </size>
    <segmented></segmented>
    <object>
        <name>airplane</name>
        <supercategory>vehicle</supercategory>
        <iscrowd>0</iscrowd>
        <bndbox>
            <xmin>63</xmin>
            <ymin>37</ymin>
            <xmax>569</xmax>
            <ymax>399</ymax>
        </bndbox>
    </object>
</annotation>