<annotation>
    <folder></folder>
    <filename>000000010343.jpg</filename>
    <path>C:\Users\deoli\Desktop\COCO_export\data\000000010343.jpg</path>
    <source>
        <database></database>
    </source>
    <size>
        <width>640</width>
        <height>427</height>
        <depth></depth>
    </size>
    <segmented></segmented>
    <object>
        <name>train</name>
        <supercategory>vehicle</supercategory>
        <iscrowd>0</iscrowd>
        <bndbox>
            <xmin>69</xmin>
            <ymin>173</ymin>
            <xmax>573</xmax>
            <ymax>267</ymax>
        </bndbox>
    </object>
</annotation>