<annotation>
    <folder></folder>
    <filename>000000038938.jpg</filename>
    <path>C:\Users\deoli\Desktop\COCO_export\data\000000038938.jpg</path>
    <source>
        <database></database>
    </source>
    <size>
        <width>640</width>
        <height>427</height>
        <depth></depth>
    </size>
    <segmented></segmented>
    <object>
        <name>cat</name>
        <supercategory>animal</supercategory>
        <iscrowd>0</iscrowd>
        <bndbox>
            <xmin>196</xmin>
            <ymin>151</ymin>
            <xmax>459</xmax>
            <ymax>275</ymax>
        </bndbox>
    </object>
</annotation>