<annotation>
    <folder></folder>
    <filename>000000054192.jpg</filename>
    <path>C:\Users\deoli\Desktop\COCO_export\data\000000054192.jpg</path>
    <source>
        <database></database>
    </source>
    <size>
        <width>640</width>
        <height>426</height>
        <depth></depth>
    </size>
    <segmented></segmented>
    <object>
        <name>boat</name>
        <supercategory>vehicle</supercategory>
        <iscrowd>0</iscrowd>
        <bndbox>
            <xmin>23</xmin>
            <ymin>82</ymin>
            <xmax>417</xmax>
            <ymax>392</ymax>
        </bndbox>
    </object>
</annotation>