<annotation>
    <folder></folder>
    <filename>000000050165.jpg</filename>
    <path>C:\Users\deoli\Desktop\COCO_export\data\000000050165.jpg</path>
    <source>
        <database></database>
    </source>
    <size>
        <width>640</width>
        <height>431</height>
        <depth></depth>
    </size>
    <segmented></segmented>
    <object>
        <name>train</name>
        <supercategory>vehicle</supercategory>
        <iscrowd>0</iscrowd>
        <bndbox>
            <xmin>116</xmin>
            <ymin>246</ymin>
            <xmax>453</xmax>
            <ymax>328</ymax>
        </bndbox>
    </object>
</annotation>