<annotation>
    <folder></folder>
    <filename>000000041867.jpg</filename>
    <path>C:\Users\deoli\Desktop\COCO_export\data\000000041867.jpg</path>
    <source>
        <database></database>
    </source>
    <size>
        <width>500</width>
        <height>379</height>
        <depth></depth>
    </size>
    <segmented></segmented>
    <object>
        <name>bird</name>
        <supercategory>animal</supercategory>
        <iscrowd>0</iscrowd>
        <bndbox>
            <xmin>62</xmin>
            <ymin>50</ymin>
            <xmax>473</xmax>
            <ymax>349</ymax>
        </bndbox>
    </object>
</annotation>