<annotation>
    <folder></folder>
    <filename>000000054182.jpg</filename>
    <path>C:\Users\deoli\Desktop\COCO_export\data\000000054182.jpg</path>
    <source>
        <database></database>
    </source>
    <size>
        <width>640</width>
        <height>428</height>
        <depth></depth>
    </size>
    <segmented></segmented>
    <object>
        <name>cat</name>
        <supercategory>animal</supercategory>
        <iscrowd>0</iscrowd>
        <bndbox>
            <xmin>150</xmin>
            <ymin>10</ymin>
            <xmax>513</xmax>
            <ymax>423</ymax>
        </bndbox>
    </object>
</annotation>