<annotation>
    <folder></folder>
    <filename>000000000681.jpg</filename>
    <path>C:\Users\deoli\Desktop\COCO_export\data\000000000681.jpg</path>
    <source>
        <database></database>
    </source>
    <size>
        <width>480</width>
        <height>640</height>
        <depth></depth>
    </size>
    <segmented></segmented>
    <object>
        <name>bus</name>
        <supercategory>vehicle</supercategory>
        <iscrowd>0</iscrowd>
        <bndbox>
            <xmin>0</xmin>
            <ymin>193</ymin>
            <xmax>430</xmax>
            <ymax>571</ymax>
        </bndbox>
    </object>
</annotation>