<annotation>
    <folder></folder>
    <filename>000000013616.jpg</filename>
    <path>C:\Users\deoli\Desktop\COCO_export\data\000000013616.jpg</path>
    <source>
        <database></database>
    </source>
    <size>
        <width>640</width>
        <height>480</height>
        <depth></depth>
    </size>
    <segmented></segmented>
    <object>
        <name>motorcycle</name>
        <supercategory>vehicle</supercategory>
        <iscrowd>0</iscrowd>
        <bndbox>
            <xmin>134</xmin>
            <ymin>85</ymin>
            <xmax>534</xmax>
            <ymax>456</ymax>
        </bndbox>
    </object>
</annotation>