<annotation>
    <folder></folder>
    <filename>000000006586.jpg</filename>
    <path>C:\Users\deoli\Desktop\COCO_export\data\000000006586.jpg</path>
    <source>
        <database></database>
    </source>
    <size>
        <width>612</width>
        <height>612</height>
        <depth></depth>
    </size>
    <segmented></segmented>
    <object>
        <name>airplane</name>
        <supercategory>vehicle</supercategory>
        <iscrowd>0</iscrowd>
        <bndbox>
            <xmin>24</xmin>
            <ymin>163</ymin>
            <xmax>584</xmax>
            <ymax>326</ymax>
        </bndbox>
    </object>
</annotation>