<annotation>
    <folder></folder>
    <filename>000000018519.jpg</filename>
    <path>C:\Users\deoli\Desktop\COCO_export\data\000000018519.jpg</path>
    <source>
        <database></database>
    </source>
    <size>
        <width>515</width>
        <height>640</height>
        <depth></depth>
    </size>
    <segmented></segmented>
    <object>
        <name>person</name>
        <supercategory>person</supercategory>
        <iscrowd>0</iscrowd>
        <bndbox>
            <xmin>124</xmin>
            <ymin>225</ymin>
            <xmax>355</xmax>
            <ymax>399</ymax>
        </bndbox>
    </object>
</annotation>