<annotation>
    <folder></folder>
    <filename>000000014567.jpg</filename>
    <path>C:\Users\deoli\Desktop\COCO_export\data\000000014567.jpg</path>
    <source>
        <database></database>
    </source>
    <size>
        <width>640</width>
        <height>429</height>
        <depth></depth>
    </size>
    <segmented></segmented>
    <object>
        <name>airplane</name>
        <supercategory>vehicle</supercategory>
        <iscrowd>0</iscrowd>
        <bndbox>
            <xmin>248</xmin>
            <ymin>138</ymin>
            <xmax>408</xmax>
            <ymax>274</ymax>
        </bndbox>
    </object>
</annotation>