<annotation>
    <folder></folder>
    <filename>000000034608.jpg</filename>
    <path>C:\Users\deoli\Desktop\COCO_export\data\000000034608.jpg</path>
    <source>
        <database></database>
    </source>
    <size>
        <width>640</width>
        <height>412</height>
        <depth></depth>
    </size>
    <segmented></segmented>
    <object>
        <name>train</name>
        <supercategory>vehicle</supercategory>
        <iscrowd>0</iscrowd>
        <bndbox>
            <xmin>6</xmin>
            <ymin>200</ymin>
            <xmax>242</xmax>
            <ymax>373</ymax>
        </bndbox>
    </object>
</annotation>