<annotation>
    <folder></folder>
    <filename>000000040042.jpg</filename>
    <path>C:\Users\deoli\Desktop\COCO_export\data\000000040042.jpg</path>
    <source>
        <database></database>
    </source>
    <size>
        <width>534</width>
        <height>640</height>
        <depth></depth>
    </size>
    <segmented></segmented>
    <object>
        <name>cat</name>
        <supercategory>animal</supercategory>
        <iscrowd>0</iscrowd>
        <bndbox>
            <xmin>143</xmin>
            <ymin>2</ymin>
            <xmax>428</xmax>
            <ymax>345</ymax>
        </bndbox>
    </object>
</annotation>