<annotation>
    <folder></folder>
    <filename>000000017147.jpg</filename>
    <path>C:\Users\deoli\Desktop\COCO_export\data\000000017147.jpg</path>
    <source>
        <database></database>
    </source>
    <size>
        <width>640</width>
        <height>427</height>
        <depth></depth>
    </size>
    <segmented></segmented>
    <object>
        <name>airplane</name>
        <supercategory>vehicle</supercategory>
        <iscrowd>0</iscrowd>
        <bndbox>
            <xmin>216</xmin>
            <ymin>172</ymin>
            <xmax>536</xmax>
            <ymax>254</ymax>
        </bndbox>
    </object>
</annotation>