<annotation>
    <folder></folder>
    <filename>000000027646.jpg</filename>
    <path>C:\Users\deoli\Desktop\COCO_export\data\000000027646.jpg</path>
    <source>
        <database></database>
    </source>
    <size>
        <width>640</width>
        <height>639</height>
        <depth></depth>
    </size>
    <segmented></segmented>
    <object>
        <name>horse</name>
        <supercategory>animal</supercategory>
        <iscrowd>0</iscrowd>
        <bndbox>
            <xmin>105</xmin>
            <ymin>100</ymin>
            <xmax>431</xmax>
            <ymax>632</ymax>
        </bndbox>
    </object>
</annotation>