<annotation>
    <folder></folder>
    <filename>000000031825.jpg</filename>
    <path>C:\Users\deoli\Desktop\COCO_export\data\000000031825.jpg</path>
    <source>
        <database></database>
    </source>
    <size>
        <width>640</width>
        <height>428</height>
        <depth></depth>
    </size>
    <segmented></segmented>
    <object>
        <name>person</name>
        <supercategory>person</supercategory>
        <iscrowd>0</iscrowd>
        <bndbox>
            <xmin>287</xmin>
            <ymin>115</ymin>
            <xmax>446</xmax>
            <ymax>293</ymax>
        </bndbox>
    </object>
</annotation>