<annotation>
    <folder></folder>
    <filename>000000047692.jpg</filename>
    <path>C:\Users\deoli\Desktop\COCO_export\data\000000047692.jpg</path>
    <source>
        <database></database>
    </source>
    <size>
        <width>640</width>
        <height>428</height>
        <depth></depth>
    </size>
    <segmented></segmented>
    <object>
        <name>airplane</name>
        <supercategory>vehicle</supercategory>
        <iscrowd>0</iscrowd>
        <bndbox>
            <xmin>135</xmin>
            <ymin>178</ymin>
            <xmax>487</xmax>
            <ymax>324</ymax>
        </bndbox>
    </object>
</annotation>