<annotation>
    <folder></folder>
    <filename>000000047191.jpg</filename>
    <path>C:\Users\deoli\Desktop\COCO_export\data\000000047191.jpg</path>
    <source>
        <database></database>
    </source>
    <size>
        <width>500</width>
        <height>375</height>
        <depth></depth>
    </size>
    <segmented></segmented>
    <object>
        <name>person</name>
        <supercategory>person</supercategory>
        <iscrowd>0</iscrowd>
        <bndbox>
            <xmin>363</xmin>
            <ymin>8</ymin>
            <xmax>499</xmax>
            <ymax>358</ymax>
        </bndbox>
    </object>
</annotation>