<annotation>
    <folder></folder>
    <filename>000000005396.jpg</filename>
    <path>C:\Users\deoli\Desktop\COCO_export\data\000000005396.jpg</path>
    <source>
        <database></database>
    </source>
    <size>
        <width>640</width>
        <height>426</height>
        <depth></depth>
    </size>
    <segmented></segmented>
    <object>
        <name>airplane</name>
        <supercategory>vehicle</supercategory>
        <iscrowd>0</iscrowd>
        <bndbox>
            <xmin>0</xmin>
            <ymin>90</ymin>
            <xmax>582</xmax>
            <ymax>338</ymax>
        </bndbox>
    </object>
</annotation>