<annotation>
    <folder></folder>
    <filename>000000031288.jpg</filename>
    <path>C:\Users\deoli\Desktop\COCO_export\data\000000031288.jpg</path>
    <source>
        <database></database>
    </source>
    <size>
        <width>480</width>
        <height>640</height>
        <depth></depth>
    </size>
    <segmented></segmented>
    <object>
        <name>dog</name>
        <supercategory>animal</supercategory>
        <iscrowd>0</iscrowd>
        <bndbox>
            <xmin>129</xmin>
            <ymin>167</ymin>
            <xmax>475</xmax>
            <ymax>490</ymax>
        </bndbox>
    </object>
</annotation>