<annotation>
    <folder></folder>
    <filename>000000042147.jpg</filename>
    <path>C:\Users\deoli\Desktop\COCO_export\data\000000042147.jpg</path>
    <source>
        <database></database>
    </source>
    <size>
        <width>640</width>
        <height>480</height>
        <depth></depth>
    </size>
    <segmented></segmented>
    <object>
        <name>airplane</name>
        <supercategory>vehicle</supercategory>
        <iscrowd>0</iscrowd>
        <bndbox>
            <xmin>227</xmin>
            <ymin>214</ymin>
            <xmax>399</xmax>
            <ymax>279</ymax>
        </bndbox>
    </object>
</annotation>