<annotation>
    <folder></folder>
    <filename>000000009898.jpg</filename>
    <path>C:\Users\deoli\Desktop\COCO_export\data\000000009898.jpg</path>
    <source>
        <database></database>
    </source>
    <size>
        <width>640</width>
        <height>425</height>
        <depth></depth>
    </size>
    <segmented></segmented>
    <object>
        <name>boat</name>
        <supercategory>vehicle</supercategory>
        <iscrowd>0</iscrowd>
        <bndbox>
            <xmin>298</xmin>
            <ymin>350</ymin>
            <xmax>576</xmax>
            <ymax>386</ymax>
        </bndbox>
    </object>
</annotation>