<annotation>
    <folder></folder>
    <filename>000000056485.jpg</filename>
    <path>C:\Users\deoli\Desktop\COCO_export\data\000000056485.jpg</path>
    <source>
        <database></database>
    </source>
    <size>
        <width>640</width>
        <height>426</height>
        <depth></depth>
    </size>
    <segmented></segmented>
    <object>
        <name>bird</name>
        <supercategory>animal</supercategory>
        <iscrowd>0</iscrowd>
        <bndbox>
            <xmin>244</xmin>
            <ymin>43</ymin>
            <xmax>589</xmax>
            <ymax>166</ymax>
        </bndbox>
    </object>
</annotation>