<annotation>
    <folder></folder>
    <filename>000000044414.jpg</filename>
    <path>C:\Users\deoli\Desktop\COCO_export\data\000000044414.jpg</path>
    <source>
        <database></database>
    </source>
    <size>
        <width>640</width>
        <height>480</height>
        <depth></depth>
    </size>
    <segmented></segmented>
    <object>
        <name>person</name>
        <supercategory>person</supercategory>
        <iscrowd>0</iscrowd>
        <bndbox>
            <xmin>0</xmin>
            <ymin>0</ymin>
            <xmax>640</xmax>
            <ymax>474</ymax>
        </bndbox>
    </object>
</annotation>