<annotation>
    <folder></folder>
    <filename>000000035489.jpg</filename>
    <path>C:\Users\deoli\Desktop\COCO_export\data\000000035489.jpg</path>
    <source>
        <database></database>
    </source>
    <size>
        <width>478</width>
        <height>640</height>
        <depth></depth>
    </size>
    <segmented></segmented>
    <object>
        <name>dog</name>
        <supercategory>animal</supercategory>
        <iscrowd>0</iscrowd>
        <bndbox>
            <xmin>21</xmin>
            <ymin>7</ymin>
            <xmax>478</xmax>
            <ymax>632</ymax>
        </bndbox>
    </object>
</annotation>