<annotation>
    <folder></folder>
    <filename>000000012679.jpg</filename>
    <path>C:\Users\deoli\Desktop\COCO_export\data\000000012679.jpg</path>
    <source>
        <database></database>
    </source>
    <size>
        <width>640</width>
        <height>427</height>
        <depth></depth>
    </size>
    <segmented></segmented>
    <object>
        <name>train</name>
        <supercategory>vehicle</supercategory>
        <iscrowd>0</iscrowd>
        <bndbox>
            <xmin>42</xmin>
            <ymin>200</ymin>
            <xmax>612</xmax>
            <ymax>266</ymax>
        </bndbox>
    </object>
</annotation>