<annotation>
    <folder></folder>
    <filename>000000008580.jpg</filename>
    <path>C:\Users\deoli\Desktop\COCO_export\data\000000008580.jpg</path>
    <source>
        <database></database>
    </source>
    <size>
        <width>480</width>
        <height>640</height>
        <depth></depth>
    </size>
    <segmented></segmented>
    <object>
        <name>horse</name>
        <supercategory>animal</supercategory>
        <iscrowd>0</iscrowd>
        <bndbox>
            <xmin>64</xmin>
            <ymin>19</ymin>
            <xmax>480</xmax>
            <ymax>631</ymax>
        </bndbox>
    </object>
</annotation>