<annotation>
    <folder></folder>
    <filename>000000008548.jpg</filename>
    <path>C:\Users\deoli\Desktop\COCO_export\data\000000008548.jpg</path>
    <source>
        <database></database>
    </source>
    <size>
        <width>640</width>
        <height>416</height>
        <depth></depth>
    </size>
    <segmented></segmented>
    <object>
        <name>airplane</name>
        <supercategory>vehicle</supercategory>
        <iscrowd>0</iscrowd>
        <bndbox>
            <xmin>7</xmin>
            <ymin>37</ymin>
            <xmax>529</xmax>
            <ymax>171</ymax>
        </bndbox>
    </object>
</annotation>