<annotation>
    <folder></folder>
    <filename>000000034418.jpg</filename>
    <path>C:\Users\deoli\Desktop\COCO_export\data\000000034418.jpg</path>
    <source>
        <database></database>
    </source>
    <size>
        <width>612</width>
        <height>612</height>
        <depth></depth>
    </size>
    <segmented></segmented>
    <object>
        <name>cow</name>
        <supercategory>animal</supercategory>
        <iscrowd>0</iscrowd>
        <bndbox>
            <xmin>28</xmin>
            <ymin>14</ymin>
            <xmax>597</xmax>
            <ymax>564</ymax>
        </bndbox>
    </object>
</annotation>