<annotation>
    <folder></folder>
    <filename>000000040143.jpg</filename>
    <path>C:\Users\deoli\Desktop\COCO_export\data\000000040143.jpg</path>
    <source>
        <database></database>
    </source>
    <size>
        <width>640</width>
        <height>640</height>
        <depth></depth>
    </size>
    <segmented></segmented>
    <object>
        <name>boat</name>
        <supercategory>vehicle</supercategory>
        <iscrowd>0</iscrowd>
        <bndbox>
            <xmin>94</xmin>
            <ymin>0</ymin>
            <xmax>348</xmax>
            <ymax>551</ymax>
        </bndbox>
    </object>
</annotation>