<annotation>
    <folder></folder>
    <filename>000000012626.jpg</filename>
    <path>C:\Users\deoli\Desktop\COCO_export\data\000000012626.jpg</path>
    <source>
        <database></database>
    </source>
    <size>
        <width>359</width>
        <height>640</height>
        <depth></depth>
    </size>
    <segmented></segmented>
    <object>
        <name>train</name>
        <supercategory>vehicle</supercategory>
        <iscrowd>0</iscrowd>
        <bndbox>
            <xmin>2</xmin>
            <ymin>443</ymin>
            <xmax>232</xmax>
            <ymax>469</ymax>
        </bndbox>
    </object>
</annotation>