<annotation>
    <folder></folder>
    <filename>000000056736.jpg</filename>
    <path>C:\Users\deoli\Desktop\COCO_export\data\000000056736.jpg</path>
    <source>
        <database></database>
    </source>
    <size>
        <width>640</width>
        <height>457</height>
        <depth></depth>
    </size>
    <segmented></segmented>
    <object>
        <name>airplane</name>
        <supercategory>vehicle</supercategory>
        <iscrowd>0</iscrowd>
        <bndbox>
            <xmin>32</xmin>
            <ymin>184</ymin>
            <xmax>474</xmax>
            <ymax>311</ymax>
        </bndbox>
    </object>
</annotation>