<annotation>
    <folder></folder>
    <filename>000000055642.jpg</filename>
    <path>C:\Users\deoli\Desktop\COCO_export\data\000000055642.jpg</path>
    <source>
        <database></database>
    </source>
    <size>
        <width>640</width>
        <height>480</height>
        <depth></depth>
    </size>
    <segmented></segmented>
    <object>
        <name>train</name>
        <supercategory>vehicle</supercategory>
        <iscrowd>0</iscrowd>
        <bndbox>
            <xmin>85</xmin>
            <ymin>68</ymin>
            <xmax>532</xmax>
            <ymax>429</ymax>
        </bndbox>
    </object>
</annotation>