<annotation>
    <folder></folder>
    <filename>000000038614.jpg</filename>
    <path>C:\Users\deoli\Desktop\COCO_export\data\000000038614.jpg</path>
    <source>
        <database></database>
    </source>
    <size>
        <width>640</width>
        <height>426</height>
        <depth></depth>
    </size>
    <segmented></segmented>
    <object>
        <name>train</name>
        <supercategory>vehicle</supercategory>
        <iscrowd>0</iscrowd>
        <bndbox>
            <xmin>182</xmin>
            <ymin>207</ymin>
            <xmax>543</xmax>
            <ymax>323</ymax>
        </bndbox>
    </object>
</annotation>