<annotation>
    <folder></folder>
    <filename>000000021084.jpg</filename>
    <path>C:\Users\deoli\Desktop\COCO_export\data\000000021084.jpg</path>
    <source>
        <database></database>
    </source>
    <size>
        <width>480</width>
        <height>640</height>
        <depth></depth>
    </size>
    <segmented></segmented>
    <object>
        <name>airplane</name>
        <supercategory>vehicle</supercategory>
        <iscrowd>0</iscrowd>
        <bndbox>
            <xmin>8</xmin>
            <ymin>178</ymin>
            <xmax>350</xmax>
            <ymax>257</ymax>
        </bndbox>
    </object>
</annotation>