<annotation>
    <folder></folder>
    <filename>000000046753.jpg</filename>
    <path>C:\Users\deoli\Desktop\COCO_export\data\000000046753.jpg</path>
    <source>
        <database></database>
    </source>
    <size>
        <width>640</width>
        <height>394</height>
        <depth></depth>
    </size>
    <segmented></segmented>
    <object>
        <name>dog</name>
        <supercategory>animal</supercategory>
        <iscrowd>0</iscrowd>
        <bndbox>
            <xmin>97</xmin>
            <ymin>23</ymin>
            <xmax>462</xmax>
            <ymax>390</ymax>
        </bndbox>
    </object>
</annotation>