<annotation>
    <folder></folder>
    <filename>000000032787.jpg</filename>
    <path>C:\Users\deoli\Desktop\COCO_export\data\000000032787.jpg</path>
    <source>
        <database></database>
    </source>
    <size>
        <width>612</width>
        <height>612</height>
        <depth></depth>
    </size>
    <segmented></segmented>
    <object>
        <name>airplane</name>
        <supercategory>vehicle</supercategory>
        <iscrowd>0</iscrowd>
        <bndbox>
            <xmin>57</xmin>
            <ymin>85</ymin>
            <xmax>537</xmax>
            <ymax>539</ymax>
        </bndbox>
    </object>
</annotation>