<annotation>
    <folder></folder>
    <filename>000000041300.jpg</filename>
    <path>C:\Users\deoli\Desktop\COCO_export\data\000000041300.jpg</path>
    <source>
        <database></database>
    </source>
    <size>
        <width>640</width>
        <height>424</height>
        <depth></depth>
    </size>
    <segmented></segmented>
    <object>
        <name>train</name>
        <supercategory>vehicle</supercategory>
        <iscrowd>0</iscrowd>
        <bndbox>
            <xmin>35</xmin>
            <ymin>7</ymin>
            <xmax>625</xmax>
            <ymax>386</ymax>
        </bndbox>
    </object>
</annotation>