<annotation>
    <folder></folder>
    <filename>000000044652.jpg</filename>
    <path>C:\Users\deoli\Desktop\COCO_export\data\000000044652.jpg</path>
    <source>
        <database></database>
    </source>
    <size>
        <width>640</width>
        <height>427</height>
        <depth></depth>
    </size>
    <segmented></segmented>
    <object>
        <name>airplane</name>
        <supercategory>vehicle</supercategory>
        <iscrowd>0</iscrowd>
        <bndbox>
            <xmin>77</xmin>
            <ymin>168</ymin>
            <xmax>271</xmax>
            <ymax>249</ymax>
        </bndbox>
    </object>
</annotation>