<annotation>
    <folder></folder>
    <filename>000000007143.jpg</filename>
    <path>C:\Users\deoli\Desktop\COCO_export\data\000000007143.jpg</path>
    <source>
        <database></database>
    </source>
    <size>
        <width>281</width>
        <height>500</height>
        <depth></depth>
    </size>
    <segmented></segmented>
    <object>
        <name>airplane</name>
        <supercategory>vehicle</supercategory>
        <iscrowd>0</iscrowd>
        <bndbox>
            <xmin>89</xmin>
            <ymin>219</ymin>
            <xmax>178</xmax>
            <ymax>263</ymax>
        </bndbox>
    </object>
</annotation>