<annotation>
    <folder></folder>
    <filename>000000035195.jpg</filename>
    <path>C:\Users\deoli\Desktop\COCO_export\data\000000035195.jpg</path>
    <source>
        <database></database>
    </source>
    <size>
        <width>500</width>
        <height>333</height>
        <depth></depth>
    </size>
    <segmented></segmented>
    <object>
        <name>bird</name>
        <supercategory>animal</supercategory>
        <iscrowd>0</iscrowd>
        <bndbox>
            <xmin>30</xmin>
            <ymin>6</ymin>
            <xmax>368</xmax>
            <ymax>261</ymax>
        </bndbox>
    </object>
</annotation>