<annotation>
    <folder></folder>
    <filename>000000018833.jpg</filename>
    <path>C:\Users\deoli\Desktop\COCO_export\data\000000018833.jpg</path>
    <source>
        <database></database>
    </source>
    <size>
        <width>640</width>
        <height>426</height>
        <depth></depth>
    </size>
    <segmented></segmented>
    <object>
        <name>cat</name>
        <supercategory>animal</supercategory>
        <iscrowd>0</iscrowd>
        <bndbox>
            <xmin>186</xmin>
            <ymin>46</ymin>
            <xmax>507</xmax>
            <ymax>370</ymax>
        </bndbox>
    </object>
</annotation>