<annotation>
    <folder></folder>
    <filename>000000004283.jpg</filename>
    <path>C:\Users\deoli\Desktop\COCO_export\data\000000004283.jpg</path>
    <source>
        <database></database>
    </source>
    <size>
        <width>640</width>
        <height>415</height>
        <depth></depth>
    </size>
    <segmented></segmented>
    <object>
        <name>bird</name>
        <supercategory>animal</supercategory>
        <iscrowd>0</iscrowd>
        <bndbox>
            <xmin>79</xmin>
            <ymin>92</ymin>
            <xmax>588</xmax>
            <ymax>339</ymax>
        </bndbox>
    </object>
</annotation>