<annotation>
    <folder></folder>
    <filename>000000051250.jpg</filename>
    <path>C:\Users\deoli\Desktop\COCO_export\data\000000051250.jpg</path>
    <source>
        <database></database>
    </source>
    <size>
        <width>640</width>
        <height>427</height>
        <depth></depth>
    </size>
    <segmented></segmented>
    <object>
        <name>horse</name>
        <supercategory>animal</supercategory>
        <iscrowd>0</iscrowd>
        <bndbox>
            <xmin>45</xmin>
            <ymin>64</ymin>
            <xmax>431</xmax>
            <ymax>357</ymax>
        </bndbox>
    </object>
</annotation>