<annotation>
    <folder></folder>
    <filename>000000039798.jpg</filename>
    <path>C:\Users\deoli\Desktop\COCO_export\data\000000039798.jpg</path>
    <source>
        <database></database>
    </source>
    <size>
        <width>640</width>
        <height>429</height>
        <depth></depth>
    </size>
    <segmented></segmented>
    <object>
        <name>bird</name>
        <supercategory>animal</supercategory>
        <iscrowd>0</iscrowd>
        <bndbox>
            <xmin>18</xmin>
            <ymin>80</ymin>
            <xmax>393</xmax>
            <ymax>352</ymax>
        </bndbox>
    </object>
</annotation>