<annotation>
    <folder></folder>
    <filename>000000010084.jpg</filename>
    <path>C:\Users\deoli\Desktop\COCO_export\data\000000010084.jpg</path>
    <source>
        <database></database>
    </source>
    <size>
        <width>640</width>
        <height>424</height>
        <depth></depth>
    </size>
    <segmented></segmented>
    <object>
        <name>train</name>
        <supercategory>vehicle</supercategory>
        <iscrowd>0</iscrowd>
        <bndbox>
            <xmin>155</xmin>
            <ymin>0</ymin>
            <xmax>601</xmax>
            <ymax>303</ymax>
        </bndbox>
    </object>
</annotation>