<annotation>
    <folder></folder>
    <filename>000000016520.jpg</filename>
    <path>C:\Users\deoli\Desktop\COCO_export\data\000000016520.jpg</path>
    <source>
        <database></database>
    </source>
    <size>
        <width>640</width>
        <height>388</height>
        <depth></depth>
    </size>
    <segmented></segmented>
    <object>
        <name>sheep</name>
        <supercategory>animal</supercategory>
        <iscrowd>0</iscrowd>
        <bndbox>
            <xmin>220</xmin>
            <ymin>129</ymin>
            <xmax>436</xmax>
            <ymax>266</ymax>
        </bndbox>
    </object>
</annotation>