<annotation>
    <folder></folder>
    <filename>000000045493.jpg</filename>
    <path>C:\Users\deoli\Desktop\COCO_export\data\000000045493.jpg</path>
    <source>
        <database></database>
    </source>
    <size>
        <width>512</width>
        <height>640</height>
        <depth></depth>
    </size>
    <segmented></segmented>
    <object>
        <name>motorcycle</name>
        <supercategory>vehicle</supercategory>
        <iscrowd>0</iscrowd>
        <bndbox>
            <xmin>0</xmin>
            <ymin>232</ymin>
            <xmax>358</xmax>
            <ymax>640</ymax>
        </bndbox>
    </object>
</annotation>