<annotation>
    <folder></folder>
    <filename>000000012407.jpg</filename>
    <path>C:\Users\deoli\Desktop\COCO_export\data\000000012407.jpg</path>
    <source>
        <database></database>
    </source>
    <size>
        <width>640</width>
        <height>480</height>
        <depth></depth>
    </size>
    <segmented></segmented>
    <object>
        <name>cow</name>
        <supercategory>animal</supercategory>
        <iscrowd>0</iscrowd>
        <bndbox>
            <xmin>180</xmin>
            <ymin>197</ymin>
            <xmax>382</xmax>
            <ymax>409</ymax>
        </bndbox>
    </object>
</annotation>