<annotation>
    <folder></folder>
    <filename>000000039864.jpg</filename>
    <path>C:\Users\deoli\Desktop\COCO_export\data\000000039864.jpg</path>
    <source>
        <database></database>
    </source>
    <size>
        <width>426</width>
        <height>640</height>
        <depth></depth>
    </size>
    <segmented></segmented>
    <object>
        <name>cow</name>
        <supercategory>animal</supercategory>
        <iscrowd>0</iscrowd>
        <bndbox>
            <xmin>61</xmin>
            <ymin>204</ymin>
            <xmax>337</xmax>
            <ymax>565</ymax>
        </bndbox>
    </object>
</annotation>