<annotation>
    <folder></folder>
    <filename>000000004322.jpg</filename>
    <path>C:\Users\deoli\Desktop\COCO_export\data\000000004322.jpg</path>
    <source>
        <database></database>
    </source>
    <size>
        <width>640</width>
        <height>480</height>
        <depth></depth>
    </size>
    <segmented></segmented>
    <object>
        <name>train</name>
        <supercategory>vehicle</supercategory>
        <iscrowd>0</iscrowd>
        <bndbox>
            <xmin>321</xmin>
            <ymin>183</ymin>
            <xmax>477</xmax>
            <ymax>306</ymax>
        </bndbox>
    </object>
</annotation>