<annotation>
    <folder></folder>
    <filename>000000008547.jpg</filename>
    <path>C:\Users\deoli\Desktop\COCO_export\data\000000008547.jpg</path>
    <source>
        <database></database>
    </source>
    <size>
        <width>640</width>
        <height>419</height>
        <depth></depth>
    </size>
    <segmented></segmented>
    <object>
        <name>airplane</name>
        <supercategory>vehicle</supercategory>
        <iscrowd>0</iscrowd>
        <bndbox>
            <xmin>170</xmin>
            <ymin>82</ymin>
            <xmax>523</xmax>
            <ymax>360</ymax>
        </bndbox>
    </object>
</annotation>