<annotation>
    <folder></folder>
    <filename>000000056158.jpg</filename>
    <path>C:\Users\deoli\Desktop\COCO_export\data\000000056158.jpg</path>
    <source>
        <database></database>
    </source>
    <size>
        <width>596</width>
        <height>640</height>
        <depth></depth>
    </size>
    <segmented></segmented>
    <object>
        <name>cat</name>
        <supercategory>animal</supercategory>
        <iscrowd>0</iscrowd>
        <bndbox>
            <xmin>23</xmin>
            <ymin>0</ymin>
            <xmax>596</xmax>
            <ymax>561</ymax>
        </bndbox>
    </object>
</annotation>