<annotation>
    <folder></folder>
    <filename>000000003342.jpg</filename>
    <path>C:\Users\deoli\Desktop\COCO_export\data\000000003342.jpg</path>
    <source>
        <database></database>
    </source>
    <size>
        <width>640</width>
        <height>395</height>
        <depth></depth>
    </size>
    <segmented></segmented>
    <object>
        <name>train</name>
        <supercategory>vehicle</supercategory>
        <iscrowd>0</iscrowd>
        <bndbox>
            <xmin>16</xmin>
            <ymin>79</ymin>
            <xmax>579</xmax>
            <ymax>361</ymax>
        </bndbox>
    </object>
</annotation>