<annotation>
    <folder></folder>
    <filename>000000000042.jpg</filename>
    <path>C:\Users\deoli\Desktop\COCO_export\data\000000000042.jpg</path>
    <source>
        <database></database>
    </source>
    <size>
        <width>640</width>
        <height>478</height>
        <depth></depth>
    </size>
    <segmented></segmented>
    <object>
        <name>dog</name>
        <supercategory>animal</supercategory>
        <iscrowd>0</iscrowd>
        <bndbox>
            <xmin>214</xmin>
            <ymin>41</ymin>
            <xmax>562</xmax>
            <ymax>285</ymax>
        </bndbox>
    </object>
</annotation>