<annotation>
    <folder></folder>
    <filename>000000030196.jpg</filename>
    <path>C:\Users\deoli\Desktop\COCO_export\data\000000030196.jpg</path>
    <source>
        <database></database>
    </source>
    <size>
        <width>640</width>
        <height>429</height>
        <depth></depth>
    </size>
    <segmented></segmented>
    <object>
        <name>bird</name>
        <supercategory>animal</supercategory>
        <iscrowd>0</iscrowd>
        <bndbox>
            <xmin>378</xmin>
            <ymin>147</ymin>
            <xmax>513</xmax>
            <ymax>348</ymax>
        </bndbox>
    </object>
</annotation>