<annotation>
    <folder></folder>
    <filename>000000043425.jpg</filename>
    <path>C:\Users\deoli\Desktop\COCO_export\data\000000043425.jpg</path>
    <source>
        <database></database>
    </source>
    <size>
        <width>640</width>
        <height>427</height>
        <depth></depth>
    </size>
    <segmented></segmented>
    <object>
        <name>dog</name>
        <supercategory>animal</supercategory>
        <iscrowd>0</iscrowd>
        <bndbox>
            <xmin>32</xmin>
            <ymin>30</ymin>
            <xmax>535</xmax>
            <ymax>427</ymax>
        </bndbox>
    </object>
</annotation>