<annotation>
    <folder></folder>
    <filename>000000023343.jpg</filename>
    <path>C:\Users\deoli\Desktop\COCO_export\data\000000023343.jpg</path>
    <source>
        <database></database>
    </source>
    <size>
        <width>640</width>
        <height>480</height>
        <depth></depth>
    </size>
    <segmented></segmented>
    <object>
        <name>cat</name>
        <supercategory>animal</supercategory>
        <iscrowd>0</iscrowd>
        <bndbox>
            <xmin>7</xmin>
            <ymin>130</ymin>
            <xmax>585</xmax>
            <ymax>410</ymax>
        </bndbox>
    </object>
</annotation>