<annotation>
    <folder></folder>
    <filename>000000010405.jpg</filename>
    <path>C:\Users\deoli\Desktop\COCO_export\data\000000010405.jpg</path>
    <source>
        <database></database>
    </source>
    <size>
        <width>640</width>
        <height>453</height>
        <depth></depth>
    </size>
    <segmented></segmented>
    <object>
        <name>boat</name>
        <supercategory>vehicle</supercategory>
        <iscrowd>0</iscrowd>
        <bndbox>
            <xmin>271</xmin>
            <ymin>369</ymin>
            <xmax>364</xmax>
            <ymax>414</ymax>
        </bndbox>
    </object>
</annotation>