<annotation>
    <folder></folder>
    <filename>000000001515.jpg</filename>
    <path>C:\Users\deoli\Desktop\COCO_export\data\000000001515.jpg</path>
    <source>
        <database></database>
    </source>
    <size>
        <width>640</width>
        <height>425</height>
        <depth></depth>
    </size>
    <segmented></segmented>
    <object>
        <name>bird</name>
        <supercategory>animal</supercategory>
        <iscrowd>0</iscrowd>
        <bndbox>
            <xmin>185</xmin>
            <ymin>124</ymin>
            <xmax>216</xmax>
            <ymax>133</ymax>
        </bndbox>
    </object>
</annotation>