<annotation>
    <folder></folder>
    <filename>000000011519.jpg</filename>
    <path>C:\Users\deoli\Desktop\COCO_export\data\000000011519.jpg</path>
    <source>
        <database></database>
    </source>
    <size>
        <width>500</width>
        <height>386</height>
        <depth></depth>
    </size>
    <segmented></segmented>
    <object>
        <name>horse</name>
        <supercategory>animal</supercategory>
        <iscrowd>0</iscrowd>
        <bndbox>
            <xmin>20</xmin>
            <ymin>140</ymin>
            <xmax>280</xmax>
            <ymax>335</ymax>
        </bndbox>
    </object>
</annotation>