<annotation>
    <folder></folder>
    <filename>000000017602.jpg</filename>
    <path>C:\Users\deoli\Desktop\COCO_export\data\000000017602.jpg</path>
    <source>
        <database></database>
    </source>
    <size>
        <width>640</width>
        <height>480</height>
        <depth></depth>
    </size>
    <segmented></segmented>
    <object>
        <name>cow</name>
        <supercategory>animal</supercategory>
        <iscrowd>0</iscrowd>
        <bndbox>
            <xmin>174</xmin>
            <ymin>131</ymin>
            <xmax>426</xmax>
            <ymax>344</ymax>
        </bndbox>
    </object>
</annotation>