<annotation>
    <folder></folder>
    <filename>000000027463.jpg</filename>
    <path>C:\Users\deoli\Desktop\COCO_export\data\000000027463.jpg</path>
    <source>
        <database></database>
    </source>
    <size>
        <width>640</width>
        <height>614</height>
        <depth></depth>
    </size>
    <segmented></segmented>
    <object>
        <name>cat</name>
        <supercategory>animal</supercategory>
        <iscrowd>0</iscrowd>
        <bndbox>
            <xmin>84</xmin>
            <ymin>77</ymin>
            <xmax>386</xmax>
            <ymax>604</ymax>
        </bndbox>
    </object>
</annotation>