<annotation>
    <folder></folder>
    <filename>000000054233.jpg</filename>
    <path>C:\Users\deoli\Desktop\COCO_export\data\000000054233.jpg</path>
    <source>
        <database></database>
    </source>
    <size>
        <width>640</width>
        <height>391</height>
        <depth></depth>
    </size>
    <segmented></segmented>
    <object>
        <name>boat</name>
        <supercategory>vehicle</supercategory>
        <iscrowd>0</iscrowd>
        <bndbox>
            <xmin>194</xmin>
            <ymin>224</ymin>
            <xmax>426</xmax>
            <ymax>326</ymax>
        </bndbox>
    </object>
</annotation>