<annotation>
    <folder></folder>
    <filename>000000026970.jpg</filename>
    <path>C:\Users\deoli\Desktop\COCO_export\data\000000026970.jpg</path>
    <source>
        <database></database>
    </source>
    <size>
        <width>640</width>
        <height>423</height>
        <depth></depth>
    </size>
    <segmented></segmented>
    <object>
        <name>bird</name>
        <supercategory>animal</supercategory>
        <iscrowd>0</iscrowd>
        <bndbox>
            <xmin>177</xmin>
            <ymin>34</ymin>
            <xmax>399</xmax>
            <ymax>376</ymax>
        </bndbox>
    </object>
</annotation>