<annotation>
    <folder></folder>
    <filename>000000053458.jpg</filename>
    <path>C:\Users\deoli\Desktop\COCO_export\data\000000053458.jpg</path>
    <source>
        <database></database>
    </source>
    <size>
        <width>640</width>
        <height>426</height>
        <depth></depth>
    </size>
    <segmented></segmented>
    <object>
        <name>train</name>
        <supercategory>vehicle</supercategory>
        <iscrowd>0</iscrowd>
        <bndbox>
            <xmin>164</xmin>
            <ymin>185</ymin>
            <xmax>245</xmax>
            <ymax>289</ymax>
        </bndbox>
    </object>
</annotation>