<annotation>
    <folder></folder>
    <filename>000000043678.jpg</filename>
    <path>C:\Users\deoli\Desktop\COCO_export\data\000000043678.jpg</path>
    <source>
        <database></database>
    </source>
    <size>
        <width>640</width>
        <height>448</height>
        <depth></depth>
    </size>
    <segmented></segmented>
    <object>
        <name>airplane</name>
        <supercategory>vehicle</supercategory>
        <iscrowd>0</iscrowd>
        <bndbox>
            <xmin>70</xmin>
            <ymin>79</ymin>
            <xmax>559</xmax>
            <ymax>358</ymax>
        </bndbox>
    </object>
</annotation>