<annotation>
    <folder></folder>
    <filename>000000052322.jpg</filename>
    <path>C:\Users\deoli\Desktop\COCO_export\data\000000052322.jpg</path>
    <source>
        <database></database>
    </source>
    <size>
        <width>640</width>
        <height>418</height>
        <depth></depth>
    </size>
    <segmented></segmented>
    <object>
        <name>bird</name>
        <supercategory>animal</supercategory>
        <iscrowd>0</iscrowd>
        <bndbox>
            <xmin>247</xmin>
            <ymin>146</ymin>
            <xmax>365</xmax>
            <ymax>329</ymax>
        </bndbox>
    </object>
</annotation>