<annotation>
    <folder></folder>
    <filename>000000038396.jpg</filename>
    <path>C:\Users\deoli\Desktop\COCO_export\data\000000038396.jpg</path>
    <source>
        <database></database>
    </source>
    <size>
        <width>480</width>
        <height>640</height>
        <depth></depth>
    </size>
    <segmented></segmented>
    <object>
        <name>bird</name>
        <supercategory>animal</supercategory>
        <iscrowd>0</iscrowd>
        <bndbox>
            <xmin>196</xmin>
            <ymin>152</ymin>
            <xmax>401</xmax>
            <ymax>470</ymax>
        </bndbox>
    </object>
</annotation>