<annotation>
    <folder></folder>
    <filename>000000054962.jpg</filename>
    <path>C:\Users\deoli\Desktop\COCO_export\data\000000054962.jpg</path>
    <source>
        <database></database>
    </source>
    <size>
        <width>500</width>
        <height>375</height>
        <depth></depth>
    </size>
    <segmented></segmented>
    <object>
        <name>boat</name>
        <supercategory>vehicle</supercategory>
        <iscrowd>0</iscrowd>
        <bndbox>
            <xmin>109</xmin>
            <ymin>164</ymin>
            <xmax>379</xmax>
            <ymax>229</ymax>
        </bndbox>
    </object>
</annotation>