<annotation>
    <folder></folder>
    <filename>000000031865.jpg</filename>
    <path>C:\Users\deoli\Desktop\COCO_export\data\000000031865.jpg</path>
    <source>
        <database></database>
    </source>
    <size>
        <width>640</width>
        <height>461</height>
        <depth></depth>
    </size>
    <segmented></segmented>
    <object>
        <name>cat</name>
        <supercategory>animal</supercategory>
        <iscrowd>0</iscrowd>
        <bndbox>
            <xmin>330</xmin>
            <ymin>222</ymin>
            <xmax>503</xmax>
            <ymax>386</ymax>
        </bndbox>
    </object>
</annotation>