<annotation>
    <folder></folder>
    <filename>000000057050.jpg</filename>
    <path>C:\Users\deoli\Desktop\COCO_export\data\000000057050.jpg</path>
    <source>
        <database></database>
    </source>
    <size>
        <width>640</width>
        <height>413</height>
        <depth></depth>
    </size>
    <segmented></segmented>
    <object>
        <name>train</name>
        <supercategory>vehicle</supercategory>
        <iscrowd>0</iscrowd>
        <bndbox>
            <xmin>176</xmin>
            <ymin>152</ymin>
            <xmax>490</xmax>
            <ymax>257</ymax>
        </bndbox>
    </object>
</annotation>