<annotation>
    <folder></folder>
    <filename>000000030645.jpg</filename>
    <path>C:\Users\deoli\Desktop\COCO_export\data\000000030645.jpg</path>
    <source>
        <database></database>
    </source>
    <size>
        <width>555</width>
        <height>640</height>
        <depth></depth>
    </size>
    <segmented></segmented>
    <object>
        <name>horse</name>
        <supercategory>animal</supercategory>
        <iscrowd>0</iscrowd>
        <bndbox>
            <xmin>6</xmin>
            <ymin>47</ymin>
            <xmax>494</xmax>
            <ymax>634</ymax>
        </bndbox>
    </object>
</annotation>