<annotation>
    <folder></folder>
    <filename>000000048784.jpg</filename>
    <path>C:\Users\deoli\Desktop\COCO_export\data\000000048784.jpg</path>
    <source>
        <database></database>
    </source>
    <size>
        <width>640</width>
        <height>480</height>
        <depth></depth>
    </size>
    <segmented></segmented>
    <object>
        <name>bus</name>
        <supercategory>vehicle</supercategory>
        <iscrowd>0</iscrowd>
        <bndbox>
            <xmin>73</xmin>
            <ymin>80</ymin>
            <xmax>483</xmax>
            <ymax>402</ymax>
        </bndbox>
    </object>
</annotation>