<annotation>
    <folder></folder>
    <filename>000000056373.jpg</filename>
    <path>C:\Users\deoli\Desktop\COCO_export\data\000000056373.jpg</path>
    <source>
        <database></database>
    </source>
    <size>
        <width>640</width>
        <height>484</height>
        <depth></depth>
    </size>
    <segmented></segmented>
    <object>
        <name>cat</name>
        <supercategory>animal</supercategory>
        <iscrowd>0</iscrowd>
        <bndbox>
            <xmin>125</xmin>
            <ymin>80</ymin>
            <xmax>299</xmax>
            <ymax>382</ymax>
        </bndbox>
    </object>
</annotation>