<annotation>
    <folder></folder>
    <filename>000000040870.jpg</filename>
    <path>C:\Users\deoli\Desktop\COCO_export\data\000000040870.jpg</path>
    <source>
        <database></database>
    </source>
    <size>
        <width>640</width>
        <height>333</height>
        <depth></depth>
    </size>
    <segmented></segmented>
    <object>
        <name>airplane</name>
        <supercategory>vehicle</supercategory>
        <iscrowd>0</iscrowd>
        <bndbox>
            <xmin>19</xmin>
            <ymin>166</ymin>
            <xmax>479</xmax>
            <ymax>282</ymax>
        </bndbox>
    </object>
</annotation>