<annotation>
    <folder></folder>
    <filename>000000007567.jpg</filename>
    <path>C:\Users\deoli\Desktop\COCO_export\data\000000007567.jpg</path>
    <source>
        <database></database>
    </source>
    <size>
        <width>640</width>
        <height>463</height>
        <depth></depth>
    </size>
    <segmented></segmented>
    <object>
        <name>airplane</name>
        <supercategory>vehicle</supercategory>
        <iscrowd>0</iscrowd>
        <bndbox>
            <xmin>37</xmin>
            <ymin>116</ymin>
            <xmax>620</xmax>
            <ymax>339</ymax>
        </bndbox>
    </object>
</annotation>