<annotation>
    <folder></folder>
    <filename>000000007267.jpg</filename>
    <path>C:\Users\deoli\Desktop\COCO_export\data\000000007267.jpg</path>
    <source>
        <database></database>
    </source>
    <size>
        <width>418</width>
        <height>640</height>
        <depth></depth>
    </size>
    <segmented></segmented>
    <object>
        <name>bird</name>
        <supercategory>animal</supercategory>
        <iscrowd>0</iscrowd>
        <bndbox>
            <xmin>61</xmin>
            <ymin>163</ymin>
            <xmax>327</xmax>
            <ymax>549</ymax>
        </bndbox>
    </object>
</annotation>