<annotation>
    <folder></folder>
    <filename>000000031376.jpg</filename>
    <path>C:\Users\deoli\Desktop\COCO_export\data\000000031376.jpg</path>
    <source>
        <database></database>
    </source>
    <size>
        <width>640</width>
        <height>427</height>
        <depth></depth>
    </size>
    <segmented></segmented>
    <object>
        <name>horse</name>
        <supercategory>animal</supercategory>
        <iscrowd>0</iscrowd>
        <bndbox>
            <xmin>176</xmin>
            <ymin>121</ymin>
            <xmax>480</xmax>
            <ymax>422</ymax>
        </bndbox>
    </object>
</annotation>