<annotation>
    <folder></folder>
    <filename>000000004772.jpg</filename>
    <path>C:\Users\deoli\Desktop\COCO_export\data\000000004772.jpg</path>
    <source>
        <database></database>
    </source>
    <size>
        <width>640</width>
        <height>399</height>
        <depth></depth>
    </size>
    <segmented></segmented>
    <object>
        <name>person</name>
        <supercategory>person</supercategory>
        <iscrowd>0</iscrowd>
        <bndbox>
            <xmin>30</xmin>
            <ymin>126</ymin>
            <xmax>273</xmax>
            <ymax>394</ymax>
        </bndbox>
    </object>
</annotation>