<annotation>
    <folder></folder>
    <filename>000000032892.jpg</filename>
    <path>C:\Users\deoli\Desktop\COCO_export\data\000000032892.jpg</path>
    <source>
        <database></database>
    </source>
    <size>
        <width>640</width>
        <height>429</height>
        <depth></depth>
    </size>
    <segmented></segmented>
    <object>
        <name>dog</name>
        <supercategory>animal</supercategory>
        <iscrowd>0</iscrowd>
        <bndbox>
            <xmin>252</xmin>
            <ymin>160</ymin>
            <xmax>330</xmax>
            <ymax>280</ymax>
        </bndbox>
    </object>
</annotation>