<annotation>
    <folder></folder>
    <filename>000000000671.jpg</filename>
    <path>C:\Users\deoli\Desktop\COCO_export\data\000000000671.jpg</path>
    <source>
        <database></database>
    </source>
    <size>
        <width>640</width>
        <height>427</height>
        <depth></depth>
    </size>
    <segmented></segmented>
    <object>
        <name>horse</name>
        <supercategory>animal</supercategory>
        <iscrowd>0</iscrowd>
        <bndbox>
            <xmin>186</xmin>
            <ymin>221</ymin>
            <xmax>387</xmax>
            <ymax>420</ymax>
        </bndbox>
    </object>
</annotation>