<annotation>
    <folder></folder>
    <filename>000000001589.jpg</filename>
    <path>C:\Users\deoli\Desktop\COCO_export\data\000000001589.jpg</path>
    <source>
        <database></database>
    </source>
    <size>
        <width>640</width>
        <height>562</height>
        <depth></depth>
    </size>
    <segmented></segmented>
    <object>
        <name>dog</name>
        <supercategory>animal</supercategory>
        <iscrowd>0</iscrowd>
        <bndbox>
            <xmin>116</xmin>
            <ymin>91</ymin>
            <xmax>311</xmax>
            <ymax>317</ymax>
        </bndbox>
    </object>
</annotation>