<annotation>
    <folder></folder>
    <filename>000000005991.jpg</filename>
    <path>C:\Users\deoli\Desktop\COCO_export\data\000000005991.jpg</path>
    <source>
        <database></database>
    </source>
    <size>
        <width>640</width>
        <height>427</height>
        <depth></depth>
    </size>
    <segmented></segmented>
    <object>
        <name>airplane</name>
        <supercategory>vehicle</supercategory>
        <iscrowd>0</iscrowd>
        <bndbox>
            <xmin>138</xmin>
            <ymin>177</ymin>
            <xmax>502</xmax>
            <ymax>274</ymax>
        </bndbox>
    </object>
</annotation>