<annotation>
    <folder></folder>
    <filename>000000047588.jpg</filename>
    <path>C:\Users\deoli\Desktop\COCO_export\data\000000047588.jpg</path>
    <source>
        <database></database>
    </source>
    <size>
        <width>640</width>
        <height>378</height>
        <depth></depth>
    </size>
    <segmented></segmented>
    <object>
        <name>train</name>
        <supercategory>vehicle</supercategory>
        <iscrowd>0</iscrowd>
        <bndbox>
            <xmin>158</xmin>
            <ymin>150</ymin>
            <xmax>545</xmax>
            <ymax>265</ymax>
        </bndbox>
    </object>
</annotation>