<annotation>
    <folder></folder>
    <filename>000000023369.jpg</filename>
    <path>C:\Users\deoli\Desktop\COCO_export\data\000000023369.jpg</path>
    <source>
        <database></database>
    </source>
    <size>
        <width>480</width>
        <height>640</height>
        <depth></depth>
    </size>
    <segmented></segmented>
    <object>
        <name>motorcycle</name>
        <supercategory>vehicle</supercategory>
        <iscrowd>0</iscrowd>
        <bndbox>
            <xmin>44</xmin>
            <ymin>340</ymin>
            <xmax>335</xmax>
            <ymax>583</ymax>
        </bndbox>
    </object>
</annotation>