<annotation>
    <folder></folder>
    <filename>000000032727.jpg</filename>
    <path>C:\Users\deoli\Desktop\COCO_export\data\000000032727.jpg</path>
    <source>
        <database></database>
    </source>
    <size>
        <width>640</width>
        <height>483</height>
        <depth></depth>
    </size>
    <segmented></segmented>
    <object>
        <name>cat</name>
        <supercategory>animal</supercategory>
        <iscrowd>0</iscrowd>
        <bndbox>
            <xmin>301</xmin>
            <ymin>112</ymin>
            <xmax>518</xmax>
            <ymax>476</ymax>
        </bndbox>
    </object>
</annotation>