<annotation>
    <folder></folder>
    <filename>000000046011.jpg</filename>
    <path>C:\Users\deoli\Desktop\COCO_export\data\000000046011.jpg</path>
    <source>
        <database></database>
    </source>
    <size>
        <width>640</width>
        <height>360</height>
        <depth></depth>
    </size>
    <segmented></segmented>
    <object>
        <name>airplane</name>
        <supercategory>vehicle</supercategory>
        <iscrowd>0</iscrowd>
        <bndbox>
            <xmin>69</xmin>
            <ymin>69</ymin>
            <xmax>465</xmax>
            <ymax>179</ymax>
        </bndbox>
    </object>
</annotation>