<annotation>
    <folder></folder>
    <filename>000000051946.jpg</filename>
    <path>C:\Users\deoli\Desktop\COCO_export\data\000000051946.jpg</path>
    <source>
        <database></database>
    </source>
    <size>
        <width>640</width>
        <height>426</height>
        <depth></depth>
    </size>
    <segmented></segmented>
    <object>
        <name>person</name>
        <supercategory>person</supercategory>
        <iscrowd>0</iscrowd>
        <bndbox>
            <xmin>53</xmin>
            <ymin>116</ymin>
            <xmax>359</xmax>
            <ymax>420</ymax>
        </bndbox>
    </object>
</annotation>