<annotation>
    <folder></folder>
    <filename>000000028359.jpg</filename>
    <path>C:\Users\deoli\Desktop\COCO_export\data\000000028359.jpg</path>
    <source>
        <database></database>
    </source>
    <size>
        <width>640</width>
        <height>304</height>
        <depth></depth>
    </size>
    <segmented></segmented>
    <object>
        <name>dog</name>
        <supercategory>animal</supercategory>
        <iscrowd>0</iscrowd>
        <bndbox>
            <xmin>315</xmin>
            <ymin>22</ymin>
            <xmax>544</xmax>
            <ymax>265</ymax>
        </bndbox>
    </object>
</annotation>