<annotation>
    <folder></folder>
    <filename>000000028236.jpg</filename>
    <path>C:\Users\deoli\Desktop\COCO_export\data\000000028236.jpg</path>
    <source>
        <database></database>
    </source>
    <size>
        <width>640</width>
        <height>427</height>
        <depth></depth>
    </size>
    <segmented></segmented>
    <object>
        <name>train</name>
        <supercategory>vehicle</supercategory>
        <iscrowd>0</iscrowd>
        <bndbox>
            <xmin>264</xmin>
            <ymin>13</ymin>
            <xmax>383</xmax>
            <ymax>288</ymax>
        </bndbox>
    </object>
</annotation>