<annotation>
    <folder></folder>
    <filename>000000008612.jpg</filename>
    <path>C:\Users\deoli\Desktop\COCO_export\data\000000008612.jpg</path>
    <source>
        <database></database>
    </source>
    <size>
        <width>428</width>
        <height>640</height>
        <depth></depth>
    </size>
    <segmented></segmented>
    <object>
        <name>cow</name>
        <supercategory>animal</supercategory>
        <iscrowd>0</iscrowd>
        <bndbox>
            <xmin>72</xmin>
            <ymin>278</ymin>
            <xmax>360</xmax>
            <ymax>570</ymax>
        </bndbox>
    </object>
</annotation>