<annotation>
    <folder></folder>
    <filename>000000004647.jpg</filename>
    <path>C:\Users\deoli\Desktop\COCO_export\data\000000004647.jpg</path>
    <source>
        <database></database>
    </source>
    <size>
        <width>640</width>
        <height>458</height>
        <depth></depth>
    </size>
    <segmented></segmented>
    <object>
        <name>bird</name>
        <supercategory>animal</supercategory>
        <iscrowd>0</iscrowd>
        <bndbox>
            <xmin>48</xmin>
            <ymin>50</ymin>
            <xmax>558</xmax>
            <ymax>423</ymax>
        </bndbox>
    </object>
</annotation>