<annotation>
    <folder></folder>
    <filename>000000006153.jpg</filename>
    <path>C:\Users\deoli\Desktop\COCO_export\data\000000006153.jpg</path>
    <source>
        <database></database>
    </source>
    <size>
        <width>459</width>
        <height>640</height>
        <depth></depth>
    </size>
    <segmented></segmented>
    <object>
        <name>train</name>
        <supercategory>vehicle</supercategory>
        <iscrowd>0</iscrowd>
        <bndbox>
            <xmin>71</xmin>
            <ymin>250</ymin>
            <xmax>302</xmax>
            <ymax>421</ymax>
        </bndbox>
    </object>
</annotation>