<annotation>
    <folder></folder>
    <filename>000000032059.jpg</filename>
    <path>C:\Users\deoli\Desktop\COCO_export\data\000000032059.jpg</path>
    <source>
        <database></database>
    </source>
    <size>
        <width>640</width>
        <height>480</height>
        <depth></depth>
    </size>
    <segmented></segmented>
    <object>
        <name>train</name>
        <supercategory>vehicle</supercategory>
        <iscrowd>0</iscrowd>
        <bndbox>
            <xmin>142</xmin>
            <ymin>97</ymin>
            <xmax>574</xmax>
            <ymax>271</ymax>
        </bndbox>
    </object>
</annotation>