<annotation>
    <folder></folder>
    <filename>000000029214.jpg</filename>
    <path>C:\Users\deoli\Desktop\COCO_export\data\000000029214.jpg</path>
    <source>
        <database></database>
    </source>
    <size>
        <width>640</width>
        <height>424</height>
        <depth></depth>
    </size>
    <segmented></segmented>
    <object>
        <name>train</name>
        <supercategory>vehicle</supercategory>
        <iscrowd>0</iscrowd>
        <bndbox>
            <xmin>47</xmin>
            <ymin>152</ymin>
            <xmax>388</xmax>
            <ymax>344</ymax>
        </bndbox>
    </object>
</annotation>