<annotation>
    <folder></folder>
    <filename>000000050049.jpg</filename>
    <path>C:\Users\deoli\Desktop\COCO_export\data\000000050049.jpg</path>
    <source>
        <database></database>
    </source>
    <size>
        <width>375</width>
        <height>500</height>
        <depth></depth>
    </size>
    <segmented></segmented>
    <object>
        <name>cat</name>
        <supercategory>animal</supercategory>
        <iscrowd>0</iscrowd>
        <bndbox>
            <xmin>73</xmin>
            <ymin>278</ymin>
            <xmax>319</xmax>
            <ymax>454</ymax>
        </bndbox>
    </object>
</annotation>