<annotation>
    <folder></folder>
    <filename>000000023419.jpg</filename>
    <path>C:\Users\deoli\Desktop\COCO_export\data\000000023419.jpg</path>
    <source>
        <database></database>
    </source>
    <size>
        <width>640</width>
        <height>480</height>
        <depth></depth>
    </size>
    <segmented></segmented>
    <object>
        <name>bird</name>
        <supercategory>animal</supercategory>
        <iscrowd>0</iscrowd>
        <bndbox>
            <xmin>408</xmin>
            <ymin>256</ymin>
            <xmax>554</xmax>
            <ymax>405</ymax>
        </bndbox>
    </object>
</annotation>