<annotation>
    <folder></folder>
    <filename>000000011374.jpg</filename>
    <path>C:\Users\deoli\Desktop\COCO_export\data\000000011374.jpg</path>
    <source>
        <database></database>
    </source>
    <size>
        <width>640</width>
        <height>359</height>
        <depth></depth>
    </size>
    <segmented></segmented>
    <object>
        <name>airplane</name>
        <supercategory>vehicle</supercategory>
        <iscrowd>0</iscrowd>
        <bndbox>
            <xmin>334</xmin>
            <ymin>199</ymin>
            <xmax>521</xmax>
            <ymax>283</ymax>
        </bndbox>
    </object>
</annotation>