<annotation>
    <folder></folder>
    <filename>000000049259.jpg</filename>
    <path>C:\Users\deoli\Desktop\COCO_export\data\000000049259.jpg</path>
    <source>
        <database></database>
    </source>
    <size>
        <width>427</width>
        <height>640</height>
        <depth></depth>
    </size>
    <segmented></segmented>
    <object>
        <name>person</name>
        <supercategory>person</supercategory>
        <iscrowd>0</iscrowd>
        <bndbox>
            <xmin>165</xmin>
            <ymin>56</ymin>
            <xmax>285</xmax>
            <ymax>135</ymax>
        </bndbox>
    </object>
</annotation>