<annotation>
    <folder></folder>
    <filename>000000008027.jpg</filename>
    <path>C:\Users\deoli\Desktop\COCO_export\data\000000008027.jpg</path>
    <source>
        <database></database>
    </source>
    <size>
        <width>480</width>
        <height>640</height>
        <depth></depth>
    </size>
    <segmented></segmented>
    <object>
        <name>bird</name>
        <supercategory>animal</supercategory>
        <iscrowd>0</iscrowd>
        <bndbox>
            <xmin>189</xmin>
            <ymin>261</ymin>
            <xmax>446</xmax>
            <ymax>452</ymax>
        </bndbox>
    </object>
</annotation>