<annotation>
    <folder></folder>
    <filename>000000029020.jpg</filename>
    <path>C:\Users\deoli\Desktop\COCO_export\data\000000029020.jpg</path>
    <source>
        <database></database>
    </source>
    <size>
        <width>600</width>
        <height>399</height>
        <depth></depth>
    </size>
    <segmented></segmented>
    <object>
        <name>person</name>
        <supercategory>person</supercategory>
        <iscrowd>0</iscrowd>
        <bndbox>
            <xmin>46</xmin>
            <ymin>200</ymin>
            <xmax>78</xmax>
            <ymax>275</ymax>
        </bndbox>
    </object>
</annotation>