<annotation>
    <folder></folder>
    <filename>000000017438.jpg</filename>
    <path>C:\Users\deoli\Desktop\COCO_export\data\000000017438.jpg</path>
    <source>
        <database></database>
    </source>
    <size>
        <width>640</width>
        <height>425</height>
        <depth></depth>
    </size>
    <segmented></segmented>
    <object>
        <name>cat</name>
        <supercategory>animal</supercategory>
        <iscrowd>0</iscrowd>
        <bndbox>
            <xmin>18</xmin>
            <ymin>31</ymin>
            <xmax>390</xmax>
            <ymax>419</ymax>
        </bndbox>
    </object>
</annotation>