<annotation>
    <folder></folder>
    <filename>000000049646.jpg</filename>
    <path>C:\Users\deoli\Desktop\COCO_export\data\000000049646.jpg</path>
    <source>
        <database></database>
    </source>
    <size>
        <width>426</width>
        <height>640</height>
        <depth></depth>
    </size>
    <segmented></segmented>
    <object>
        <name>train</name>
        <supercategory>vehicle</supercategory>
        <iscrowd>0</iscrowd>
        <bndbox>
            <xmin>0</xmin>
            <ymin>154</ymin>
            <xmax>426</xmax>
            <ymax>487</ymax>
        </bndbox>
    </object>
</annotation>