<annotation>
    <folder></folder>
    <filename>000000049187.jpg</filename>
    <path>C:\Users\deoli\Desktop\COCO_export\data\000000049187.jpg</path>
    <source>
        <database></database>
    </source>
    <size>
        <width>640</width>
        <height>461</height>
        <depth></depth>
    </size>
    <segmented></segmented>
    <object>
        <name>sheep</name>
        <supercategory>animal</supercategory>
        <iscrowd>0</iscrowd>
        <bndbox>
            <xmin>162</xmin>
            <ymin>301</ymin>
            <xmax>272</xmax>
            <ymax>394</ymax>
        </bndbox>
    </object>
</annotation>