<annotation>
    <folder></folder>
    <filename>000000006990.jpg</filename>
    <path>C:\Users\deoli\Desktop\COCO_export\data\000000006990.jpg</path>
    <source>
        <database></database>
    </source>
    <size>
        <width>500</width>
        <height>333</height>
        <depth></depth>
    </size>
    <segmented></segmented>
    <object>
        <name>train</name>
        <supercategory>vehicle</supercategory>
        <iscrowd>0</iscrowd>
        <bndbox>
            <xmin>80</xmin>
            <ymin>143</ymin>
            <xmax>316</xmax>
            <ymax>157</ymax>
        </bndbox>
    </object>
</annotation>