<annotation>
    <folder></folder>
    <filename>000000031010.jpg</filename>
    <path>C:\Users\deoli\Desktop\COCO_export\data\000000031010.jpg</path>
    <source>
        <database></database>
    </source>
    <size>
        <width>428</width>
        <height>640</height>
        <depth></depth>
    </size>
    <segmented></segmented>
    <object>
        <name>bird</name>
        <supercategory>animal</supercategory>
        <iscrowd>0</iscrowd>
        <bndbox>
            <xmin>0</xmin>
            <ymin>99</ymin>
            <xmax>428</xmax>
            <ymax>633</ymax>
        </bndbox>
    </object>
</annotation>