<annotation>
    <folder></folder>
    <filename>000000052565.jpg</filename>
    <path>C:\Users\deoli\Desktop\COCO_export\data\000000052565.jpg</path>
    <source>
        <database></database>
    </source>
    <size>
        <width>640</width>
        <height>458</height>
        <depth></depth>
    </size>
    <segmented></segmented>
    <object>
        <name>cow</name>
        <supercategory>animal</supercategory>
        <iscrowd>0</iscrowd>
        <bndbox>
            <xmin>167</xmin>
            <ymin>182</ymin>
            <xmax>469</xmax>
            <ymax>387</ymax>
        </bndbox>
    </object>
</annotation>