<annotation>
    <folder></folder>
    <filename>000000002982.jpg</filename>
    <path>C:\Users\deoli\Desktop\COCO_export\data\000000002982.jpg</path>
    <source>
        <database></database>
    </source>
    <size>
        <width>612</width>
        <height>612</height>
        <depth></depth>
    </size>
    <segmented></segmented>
    <object>
        <name>train</name>
        <supercategory>vehicle</supercategory>
        <iscrowd>0</iscrowd>
        <bndbox>
            <xmin>9</xmin>
            <ymin>169</ymin>
            <xmax>290</xmax>
            <ymax>411</ymax>
        </bndbox>
    </object>
</annotation>