<annotation>
    <folder></folder>
    <filename>000000042563.jpg</filename>
    <path>C:\Users\deoli\Desktop\COCO_export\data\000000042563.jpg</path>
    <source>
        <database></database>
    </source>
    <size>
        <width>624</width>
        <height>640</height>
        <depth></depth>
    </size>
    <segmented></segmented>
    <object>
        <name>train</name>
        <supercategory>vehicle</supercategory>
        <iscrowd>0</iscrowd>
        <bndbox>
            <xmin>207</xmin>
            <ymin>452</ymin>
            <xmax>320</xmax>
            <ymax>592</ymax>
        </bndbox>
    </object>
</annotation>