<annotation>
    <folder></folder>
    <filename>000000033629.jpg</filename>
    <path>C:\Users\deoli\Desktop\COCO_export\data\000000033629.jpg</path>
    <source>
        <database></database>
    </source>
    <size>
        <width>640</width>
        <height>480</height>
        <depth></depth>
    </size>
    <segmented></segmented>
    <object>
        <name>sheep</name>
        <supercategory>animal</supercategory>
        <iscrowd>0</iscrowd>
        <bndbox>
            <xmin>113</xmin>
            <ymin>149</ymin>
            <xmax>438</xmax>
            <ymax>269</ymax>
        </bndbox>
    </object>
</annotation>