<annotation>
    <folder></folder>
    <filename>000000038381.jpg</filename>
    <path>C:\Users\deoli\Desktop\COCO_export\data\000000038381.jpg</path>
    <source>
        <database></database>
    </source>
    <size>
        <width>332</width>
        <height>500</height>
        <depth></depth>
    </size>
    <segmented></segmented>
    <object>
        <name>cow</name>
        <supercategory>animal</supercategory>
        <iscrowd>0</iscrowd>
        <bndbox>
            <xmin>36</xmin>
            <ymin>136</ymin>
            <xmax>329</xmax>
            <ymax>429</ymax>
        </bndbox>
    </object>
</annotation>