<annotation>
    <folder></folder>
    <filename>000000027883.jpg</filename>
    <path>C:\Users\deoli\Desktop\COCO_export\data\000000027883.jpg</path>
    <source>
        <database></database>
    </source>
    <size>
        <width>640</width>
        <height>329</height>
        <depth></depth>
    </size>
    <segmented></segmented>
    <object>
        <name>sheep</name>
        <supercategory>animal</supercategory>
        <iscrowd>0</iscrowd>
        <bndbox>
            <xmin>380</xmin>
            <ymin>39</ymin>
            <xmax>496</xmax>
            <ymax>160</ymax>
        </bndbox>
    </object>
</annotation>