<annotation>
    <folder></folder>
    <filename>000000035976.jpg</filename>
    <path>C:\Users\deoli\Desktop\COCO_export\data\000000035976.jpg</path>
    <source>
        <database></database>
    </source>
    <size>
        <width>427</width>
        <height>640</height>
        <depth></depth>
    </size>
    <segmented></segmented>
    <object>
        <name>cow</name>
        <supercategory>animal</supercategory>
        <iscrowd>0</iscrowd>
        <bndbox>
            <xmin>170</xmin>
            <ymin>518</ymin>
            <xmax>281</xmax>
            <ymax>575</ymax>
        </bndbox>
    </object>
</annotation>