<annotation>
    <folder></folder>
    <filename>000000045941.jpg</filename>
    <path>C:\Users\deoli\Desktop\COCO_export\data\000000045941.jpg</path>
    <source>
        <database></database>
    </source>
    <size>
        <width>640</width>
        <height>480</height>
        <depth></depth>
    </size>
    <segmented></segmented>
    <object>
        <name>cat</name>
        <supercategory>animal</supercategory>
        <iscrowd>0</iscrowd>
        <bndbox>
            <xmin>10</xmin>
            <ymin>146</ymin>
            <xmax>561</xmax>
            <ymax>404</ymax>
        </bndbox>
    </object>
</annotation>