<annotation>
    <folder></folder>
    <filename>000000001877.jpg</filename>
    <path>C:\Users\deoli\Desktop\COCO_export\data\000000001877.jpg</path>
    <source>
        <database></database>
    </source>
    <size>
        <width>640</width>
        <height>480</height>
        <depth></depth>
    </size>
    <segmented></segmented>
    <object>
        <name>train</name>
        <supercategory>vehicle</supercategory>
        <iscrowd>0</iscrowd>
        <bndbox>
            <xmin>86</xmin>
            <ymin>156</ymin>
            <xmax>640</xmax>
            <ymax>407</ymax>
        </bndbox>
    </object>
</annotation>