<annotation>
    <folder></folder>
    <filename>000000006819.jpg</filename>
    <path>C:\Users\deoli\Desktop\COCO_export\data\000000006819.jpg</path>
    <source>
        <database></database>
    </source>
    <size>
        <width>640</width>
        <height>238</height>
        <depth></depth>
    </size>
    <segmented></segmented>
    <object>
        <name>airplane</name>
        <supercategory>vehicle</supercategory>
        <iscrowd>0</iscrowd>
        <bndbox>
            <xmin>149</xmin>
            <ymin>63</ymin>
            <xmax>386</xmax>
            <ymax>116</ymax>
        </bndbox>
    </object>
</annotation>