<annotation>
    <folder></folder>
    <filename>000000056971.jpg</filename>
    <path>C:\Users\deoli\Desktop\COCO_export\data\000000056971.jpg</path>
    <source>
        <database></database>
    </source>
    <size>
        <width>640</width>
        <height>480</height>
        <depth></depth>
    </size>
    <segmented></segmented>
    <object>
        <name>sheep</name>
        <supercategory>animal</supercategory>
        <iscrowd>0</iscrowd>
        <bndbox>
            <xmin>144</xmin>
            <ymin>167</ymin>
            <xmax>504</xmax>
            <ymax>389</ymax>
        </bndbox>
    </object>
</annotation>