<annotation>
    <folder></folder>
    <filename>000000048165.jpg</filename>
    <path>C:\Users\deoli\Desktop\COCO_export\data\000000048165.jpg</path>
    <source>
        <database></database>
    </source>
    <size>
        <width>640</width>
        <height>427</height>
        <depth></depth>
    </size>
    <segmented></segmented>
    <object>
        <name>boat</name>
        <supercategory>vehicle</supercategory>
        <iscrowd>0</iscrowd>
        <bndbox>
            <xmin>433</xmin>
            <ymin>257</ymin>
            <xmax>477</xmax>
            <ymax>284</ymax>
        </bndbox>
    </object>
</annotation>