<annotation>
    <folder></folder>
    <filename>000000051200.jpg</filename>
    <path>C:\Users\deoli\Desktop\COCO_export\data\000000051200.jpg</path>
    <source>
        <database></database>
    </source>
    <size>
        <width>375</width>
        <height>500</height>
        <depth></depth>
    </size>
    <segmented></segmented>
    <object>
        <name>boat</name>
        <supercategory>vehicle</supercategory>
        <iscrowd>0</iscrowd>
        <bndbox>
            <xmin>75</xmin>
            <ymin>153</ymin>
            <xmax>142</xmax>
            <ymax>387</ymax>
        </bndbox>
    </object>
</annotation>