<annotation>
    <folder></folder>
    <filename>000000001072.jpg</filename>
    <path>C:\Users\deoli\Desktop\COCO_export\data\000000001072.jpg</path>
    <source>
        <database></database>
    </source>
    <size>
        <width>640</width>
        <height>428</height>
        <depth></depth>
    </size>
    <segmented></segmented>
    <object>
        <name>airplane</name>
        <supercategory>vehicle</supercategory>
        <iscrowd>0</iscrowd>
        <bndbox>
            <xmin>62</xmin>
            <ymin>120</ymin>
            <xmax>554</xmax>
            <ymax>317</ymax>
        </bndbox>
    </object>
</annotation>