<annotation>
    <folder></folder>
    <filename>000000006733.jpg</filename>
    <path>C:\Users\deoli\Desktop\COCO_export\data\000000006733.jpg</path>
    <source>
        <database></database>
    </source>
    <size>
        <width>640</width>
        <height>481</height>
        <depth></depth>
    </size>
    <segmented></segmented>
    <object>
        <name>train</name>
        <supercategory>vehicle</supercategory>
        <iscrowd>0</iscrowd>
        <bndbox>
            <xmin>282</xmin>
            <ymin>75</ymin>
            <xmax>362</xmax>
            <ymax>158</ymax>
        </bndbox>
    </object>
</annotation>