<annotation>
    <folder></folder>
    <filename>000000008016.jpg</filename>
    <path>C:\Users\deoli\Desktop\COCO_export\data\000000008016.jpg</path>
    <source>
        <database></database>
    </source>
    <size>
        <width>640</width>
        <height>447</height>
        <depth></depth>
    </size>
    <segmented></segmented>
    <object>
        <name>airplane</name>
        <supercategory>vehicle</supercategory>
        <iscrowd>0</iscrowd>
        <bndbox>
            <xmin>158</xmin>
            <ymin>208</ymin>
            <xmax>286</xmax>
            <ymax>324</ymax>
        </bndbox>
    </object>
</annotation>