<annotation>
    <folder></folder>
    <filename>000000046804.jpg</filename>
    <path>C:\Users\deoli\Desktop\COCO_export\data\000000046804.jpg</path>
    <source>
        <database></database>
    </source>
    <size>
        <width>640</width>
        <height>480</height>
        <depth></depth>
    </size>
    <segmented></segmented>
    <object>
        <name>sheep</name>
        <supercategory>animal</supercategory>
        <iscrowd>0</iscrowd>
        <bndbox>
            <xmin>223</xmin>
            <ymin>62</ymin>
            <xmax>459</xmax>
            <ymax>364</ymax>
        </bndbox>
    </object>
</annotation>