<annotation>
    <folder></folder>
    <filename>000000056891.jpg</filename>
    <path>C:\Users\deoli\Desktop\COCO_export\data\000000056891.jpg</path>
    <source>
        <database></database>
    </source>
    <size>
        <width>640</width>
        <height>359</height>
        <depth></depth>
    </size>
    <segmented></segmented>
    <object>
        <name>horse</name>
        <supercategory>animal</supercategory>
        <iscrowd>0</iscrowd>
        <bndbox>
            <xmin>250</xmin>
            <ymin>183</ymin>
            <xmax>422</xmax>
            <ymax>323</ymax>
        </bndbox>
    </object>
</annotation>