<annotation>
    <folder></folder>
    <filename>000000029149.jpg</filename>
    <path>C:\Users\deoli\Desktop\COCO_export\data\000000029149.jpg</path>
    <source>
        <database></database>
    </source>
    <size>
        <width>640</width>
        <height>491</height>
        <depth></depth>
    </size>
    <segmented></segmented>
    <object>
        <name>train</name>
        <supercategory>vehicle</supercategory>
        <iscrowd>0</iscrowd>
        <bndbox>
            <xmin>145</xmin>
            <ymin>196</ymin>
            <xmax>636</xmax>
            <ymax>482</ymax>
        </bndbox>
    </object>
</annotation>