<annotation>
    <folder></folder>
    <filename>000000006347.jpg</filename>
    <path>C:\Users\deoli\Desktop\COCO_export\data\000000006347.jpg</path>
    <source>
        <database></database>
    </source>
    <size>
        <width>500</width>
        <height>333</height>
        <depth></depth>
    </size>
    <segmented></segmented>
    <object>
        <name>horse</name>
        <supercategory>animal</supercategory>
        <iscrowd>0</iscrowd>
        <bndbox>
            <xmin>97</xmin>
            <ymin>73</ymin>
            <xmax>461</xmax>
            <ymax>295</ymax>
        </bndbox>
    </object>
</annotation>