<annotation>
    <folder></folder>
    <filename>000000033157.jpg</filename>
    <path>C:\Users\deoli\Desktop\COCO_export\data\000000033157.jpg</path>
    <source>
        <database></database>
    </source>
    <size>
        <width>640</width>
        <height>640</height>
        <depth></depth>
    </size>
    <segmented></segmented>
    <object>
        <name>cow</name>
        <supercategory>animal</supercategory>
        <iscrowd>0</iscrowd>
        <bndbox>
            <xmin>26</xmin>
            <ymin>8</ymin>
            <xmax>640</xmax>
            <ymax>627</ymax>
        </bndbox>
    </object>
</annotation>