<annotation>
    <folder></folder>
    <filename>000000001525.jpg</filename>
    <path>C:\Users\deoli\Desktop\COCO_export\data\000000001525.jpg</path>
    <source>
        <database></database>
    </source>
    <size>
        <width>640</width>
        <height>371</height>
        <depth></depth>
    </size>
    <segmented></segmented>
    <object>
        <name>airplane</name>
        <supercategory>vehicle</supercategory>
        <iscrowd>0</iscrowd>
        <bndbox>
            <xmin>4</xmin>
            <ymin>69</ymin>
            <xmax>464</xmax>
            <ymax>314</ymax>
        </bndbox>
    </object>
</annotation>