<annotation>
    <folder></folder>
    <filename>000000013445.jpg</filename>
    <path>C:\Users\deoli\Desktop\COCO_export\data\000000013445.jpg</path>
    <source>
        <database></database>
    </source>
    <size>
        <width>640</width>
        <height>391</height>
        <depth></depth>
    </size>
    <segmented></segmented>
    <object>
        <name>train</name>
        <supercategory>vehicle</supercategory>
        <iscrowd>0</iscrowd>
        <bndbox>
            <xmin>111</xmin>
            <ymin>208</ymin>
            <xmax>560</xmax>
            <ymax>366</ymax>
        </bndbox>
    </object>
</annotation>